"","id","jobTasksSDSA","jobBalanceSDSA","jobPaySDSA","jobRecognitionSDSA","jobAdvancementSDSA","jobCoworkersSDSA","jobManagementSDSA"
"1","F411G",1,2,2,3,2,4,4
"2","W779U",3,1,4,5,4,3,3
"3","Q427W",2,2,3,4,3,3,2
"4","H115G",2,3,2,4,3,5,4
"5","E288E",5,4,6,6,6,6,NA
"6","J541D",1,4,3,3,3,5,6
"7","U207U",5,4,6,7,7,5,NA
"8","S245M",2,1,4,3,3,2,2
"9","E791P",2,1,4,4,3,3,NA
"10","H817V",3,5,5,4,5,7,NA
"11","O175E",4,3,4,6,5,4,5
"12","R865D",5,2,7,7,7,4,4
"13","Y753V",2,5,3,4,3,7,NA
"14","V240N",5,1,7,6,7,3,2
"15","S858P",2,2,4,5,3,3,3
"16","F926A",5,1,7,6,6,3,3
"17","C135L",2,4,4,4,4,5,6
"18","M118T",5,1,7,6,7,3,3
"19","H191X",5,1,6,7,7,3,2
"20","K151K",5,1,7,6,6,2,3
"21","G130L",4,5,6,5,5,6,7
"22","K331C",2,2,3,3,4,3,3
"23","N146C",4,1,6,6,5,3,3
"24","H700G",5,1,6,7,6,3,2
"25","H882E",1,1,3,3,3,2,3
"26","I437A",1,4,3,3,3,6,6
"27","G235U",1,3,3,3,3,4,5
"28","J356R",2,1,4,4,3,2,3
"29","G978Z",3,5,4,4,5,7,7
"30","C230K",1,1,3,3,3,3,2
"31","B542J",5,2,6,6,7,3,3
"32","N436H",4,3,5,5,5,5,5
"33","X631Q",3,5,5,5,4,7,7
"34","A654L",2,5,3,2,4,6,6
"35","P207V",1,3,3,2,3,5,5
"36","K288R",5,5,5,6,7,6,NA
"37","N137H",3,1,5,4,4,2,3
"38","A199C",4,5,4,6,6,7,NA
"39","M962K",5,3,6,6,6,5,3
"40","H240K",2,3,4,3,3,4,4
"41","C367M",4,4,6,5,6,6,NA
"42","L595Z",1,1,2,3,2,2,3
"43","D982N",2,3,3,4,3,5,4
"44","N934H",3,2,4,5,4,4,4
"45","C255K",5,4,6,7,7,5,6
"46","R359E",1,3,2,2,4,4,4
"47","B554U",2,1,4,4,4,2,2
"48","P583H",5,1,6,6,6,2,3
"49","B523N",2,3,3,4,3,4,5
"50","N272I",3,5,5,5,5,6,6
"51","Z769A",3,4,6,5,4,5,5
"52","B331M",5,5,7,7,7,7,NA
"53","P111Q",4,3,6,6,6,5,5
"54","W910F",3,4,4,5,5,6,6
"55","P716I",5,3,7,7,6,5,NA
"56","C382A",4,3,5,5,6,5,NA
"57","A694N",5,3,6,6,7,5,4
"58","Q327Z",4,5,5,5,6,7,NA
"59","I580K",1,4,3,3,2,5,5
"60","W823D",1,2,2,3,2,4,4
"61","Q203J",3,5,4,4,5,6,6
"62","G835X",5,4,7,6,6,5,NA
"63","L683Z",2,2,4,4,3,3,4
"64","C532P",3,1,4,5,4,4,2
"65","O965G",2,4,3,3,3,6,5
"66","T736U",4,4,6,5,6,6,5
"67","O781F",2,3,3,3,3,4,4
"68","G264L",1,1,2,3,2,3,2
"69","U380A",1,4,2,1,2,6,5
"70","N340G",3,3,5,5,5,4,4
"71","F966R",1,1,3,2,3,3,3
"72","K705Z",5,3,7,6,7,6,4
"73","M882I",2,1,4,4,4,2,3
"74","S356D",3,1,4,4,5,3,NA
"75","I744R",1,4,3,2,2,5,5
"76","R522U",1,3,3,3,4,4,4
"77","A437B",3,1,5,5,5,3,3
"78","U158Z",2,5,4,3,4,7,NA
"79","P553F",4,3,6,6,5,5,5
"80","Z275A",1,5,3,2,2,6,7
"81","O691R",1,2,3,2,3,3,3
"82","P839A",5,4,7,6,6,6,5
"83","H946W",5,1,6,6,6,2,3
"84","B812C",1,5,3,2,3,7,6
"85","M212O",1,5,3,2,3,6,7
"86","Q749K",2,2,3,3,4,4,4
"87","R467Y",3,3,4,4,4,4,4
"88","Y510M",3,1,4,4,4,2,2
"89","H582D",2,2,4,3,3,4,4
"90","J836U",4,1,6,6,6,2,3
"91","C993P",1,5,3,2,2,6,6
"92","S109W",4,4,6,6,6,5,NA
"93","L400F",2,4,4,4,3,6,6
"94","C655F",1,1,3,3,2,3,3
"95","J423I",3,5,4,6,4,7,7
"96","U728N",4,3,7,5,5,4,4
"97","M925Y",1,1,3,2,2,2,2
"98","M207R",1,5,2,3,3,7,7
"99","O159N",4,5,5,5,6,7,6
"100","Z858C",4,3,6,4,6,5,NA
"101","G806A",1,5,3,2,2,7,7
"102","N611D",4,1,5,6,5,2,NA
"103","A866O",3,1,4,4,4,3,3
"104","T690J",1,4,3,3,2,5,6
"105","E119J",4,1,6,5,5,3,2
"106","D498G",1,2,3,3,2,3,3
"107","I591D",4,4,5,6,6,5,7
"108","R513P",5,4,6,6,6,6,6
"109","Q465T",3,4,5,4,4,6,6
"110","H433I",1,3,2,3,2,5,5
"111","J288J",4,1,7,6,5,2,2
"112","Q596E",3,2,4,5,4,3,3
"113","V621N",5,1,7,7,6,3,2
"114","W901F",4,2,5,5,6,5,3
"115","S610M",2,3,4,4,3,4,5
"116","C365F",5,3,6,7,7,4,4
"117","D230N",4,1,6,6,5,3,2
"118","Q606G",4,3,7,5,6,4,4
"119","I476Y",4,2,5,5,5,3,4
"120","R371K",3,4,5,5,4,6,6
"121","Z751K",4,1,5,6,5,3,3
"122","Y233P",5,3,6,6,6,4,4
"123","X203R",1,3,2,2,3,5,5
"124","C135G",3,2,4,4,5,3,4
"125","N363W",5,1,6,6,5,2,2
"126","V285G",2,3,3,3,3,5,5
"127","T583Z",1,1,3,2,3,3,2
"128","O569U",1,2,3,3,4,3,4
"129","W378W",2,1,3,3,3,2,2
"130","C625Y",4,5,5,6,6,6,NA
"131","N898J",1,3,3,2,3,6,5
"132","J164K",1,1,3,3,3,2,2
"133","S840N",3,4,5,4,4,5,4
"134","C250X",4,3,5,5,6,5,5
"135","A688J",2,1,3,3,3,2,3
"136","B915E",1,4,2,2,2,6,4
"137","F160B",2,5,3,4,3,6,7
"138","M671F",3,4,5,4,4,7,6
"139","F634Q",1,2,3,3,3,4,4
"140","F293M",5,3,7,6,6,4,5
"141","Z310P",3,1,5,4,4,2,2
"142","Y659U",2,2,4,3,3,3,4
"143","N305D",5,1,7,7,7,3,3
"144","A224O",1,3,3,3,3,5,5
"145","L852M",4,1,5,5,6,3,2
"146","P831I",1,1,3,2,3,3,NA
"147","M800M",3,5,5,5,5,6,7
"148","Q347N",3,4,4,5,5,6,5
"149","D469A",1,1,2,3,2,2,2
"150","Z895X",5,2,6,6,6,4,3
"151","S386Y",4,5,6,6,6,7,NA
"152","R956O",1,2,3,3,3,3,3
"153","D385Q",2,1,2,3,4,2,2
"154","D350R",1,2,2,3,2,3,4
"155","C804M",4,2,5,6,5,3,3
"156","K690H",5,3,7,7,6,5,5
"157","P530X",3,5,4,5,4,7,7
"158","W682H",1,1,3,2,3,3,2
"159","G561K",3,2,5,4,5,3,3
"160","I233N",2,3,4,4,3,5,4
"161","U125U",2,5,4,4,4,7,6
"162","G157V",1,1,2,3,2,3,3
"163","G752V",5,5,6,7,6,6,NA
"164","U985F",3,2,5,4,4,4,3
"165","S863Q",2,4,4,4,4,6,5
"166","O301Z",4,2,5,6,6,3,4
"167","G132K",3,3,5,4,5,5,4
"168","I614Y",1,3,3,2,2,5,5
"169","B678E",4,5,6,5,6,6,NA
"170","E845S",3,5,5,3,5,5,7
"171","T791W",1,2,3,2,3,3,4
"172","B108T",3,1,3,3,5,3,2
"173","Z296Y",3,1,4,4,5,2,4
"174","V482X",1,2,2,2,2,3,4
"175","T107L",5,3,6,7,7,5,4
"176","S475L",1,2,2,2,2,4,3
"177","W533W",1,2,2,2,2,3,3
"178","W334C",1,2,2,2,2,3,5
"179","X440F",4,3,6,6,5,4,4
"180","P835K",2,4,3,3,4,6,5
"181","N240H",4,4,6,6,6,7,6
"182","H482S",4,3,6,6,5,5,5
"183","L237O",2,1,4,3,3,3,3
"184","L893M",3,2,4,5,4,4,3
"185","T846V",1,2,3,2,3,4,4
"186","N976Q",4,2,5,6,5,3,4
"187","N837O",3,3,4,4,4,5,4
"188","E241X",3,2,5,5,5,4,4
"189","T129R",2,4,4,3,4,6,6
"190","R876C",3,4,5,4,4,6,6
"191","P909F",4,1,5,5,4,2,2
"192","R263O",3,3,4,5,5,5,NA
"193","G918L",3,2,5,5,4,3,4
"194","L856P",5,4,7,6,6,5,NA
"195","C685U",1,1,2,3,3,2,2
"196","V922V",3,5,5,5,4,6,7
"197","B825J",3,4,5,5,4,6,5
"198","Q335N",3,4,5,4,5,5,6
"199","S672F",3,3,5,5,4,5,5
"200","A363G",3,3,5,4,4,4,4
"201","K515N",4,2,5,7,5,4,4
"202","R111V",5,2,7,6,7,3,NA
"203","S906C",2,2,3,3,3,4,4
"204","G596X",1,5,2,3,2,7,7
"205","V573W",3,1,4,4,5,3,NA
"206","C933T",4,2,6,5,6,4,NA
"207","F415N",3,5,5,4,5,7,NA
"208","W892C",2,4,3,3,3,5,6
"209","Q824J",2,1,4,3,4,3,3
"210","M797V",5,4,7,7,6,5,NA
"211","G550V",2,2,4,3,3,4,2
"212","D562H",4,4,6,5,6,6,6
"213","D484U",5,2,7,7,6,4,3
"214","V122D",2,4,5,3,3,5,5
"215","H378U",5,2,7,7,6,3,3
"216","A893U",5,2,6,5,6,4,3
"217","T794N",3,1,4,5,4,2,2
"218","P704U",2,2,4,4,3,3,4
"219","U740H",1,4,2,3,2,5,6
"220","F195B",1,4,3,3,3,5,6
"221","W825D",1,3,2,1,2,4,4
"222","F373Z",1,5,2,2,2,6,7
"223","N273J",1,5,2,2,2,7,6
"224","L518B",3,1,4,4,4,3,3
"225","U372P",3,2,5,5,4,3,4
"226","C830R",3,2,4,5,5,5,4
"227","V404H",5,3,7,7,7,4,NA
"228","W111J",2,1,4,4,4,2,2
"229","M441F",5,5,6,7,6,6,6
"230","X899C",1,1,3,2,3,3,2
"231","G826M",2,1,2,4,4,2,3
"232","H295K",5,2,6,7,7,4,3
"233","M922N",2,1,3,3,4,3,2
"234","I615M",2,2,3,4,3,4,4
"235","B127G",2,5,4,3,3,7,6
"236","H951R",5,4,7,6,6,6,5
"237","O283X",5,1,6,6,6,2,2
"238","U403U",2,3,3,3,4,4,5
"239","D207K",2,2,3,2,3,4,NA
"240","E734I",2,1,2,3,2,2,3
"241","R516K",1,5,2,2,3,6,7
"242","L508D",1,3,3,2,2,4,4
"243","E104V",2,2,3,3,3,3,3
"244","P314W",5,1,6,7,6,3,2
"245","X453C",5,4,6,6,7,6,5
"246","L639D",2,3,4,3,3,4,5
"247","Z965H",5,4,6,7,7,5,5
"248","R565T",5,5,7,7,7,7,NA
"249","V943T",3,2,4,4,4,4,3
"250","Y737T",4,2,6,6,5,4,3
"251","W774T",1,4,2,2,2,6,5
"252","A663R",2,2,3,4,3,4,5
"253","M972I",3,5,4,5,5,7,NA
"254","S995M",3,2,4,5,4,4,3
"255","N633A",5,1,6,6,7,3,NA
"256","W845C",1,4,3,2,2,6,6
"257","G295D",4,3,6,6,6,6,5
"258","V300Z",1,1,3,2,2,2,3
"259","L943Y",5,3,6,7,7,5,4
"260","L625D",5,3,7,6,6,5,6
"261","O815Q",2,1,3,4,3,2,2
"262","C503Z",1,2,2,3,3,4,4
"263","U213X",4,4,6,5,5,5,7
"264","H201W",1,3,2,3,2,4,5
"265","Y185F",4,2,6,5,5,4,4
"266","Q316Q",2,3,4,4,4,5,5
"267","H699U",1,5,3,3,3,7,6
"268","V528M",4,5,6,6,6,6,7
"269","P485U",3,2,4,4,5,4,4
"270","V454K",3,2,5,5,4,3,3
"271","C315D",5,1,7,7,7,2,3
"272","W340M",3,1,4,5,5,3,3
"273","F537D",5,3,6,6,6,5,5
"274","G431I",1,2,3,3,2,3,4
"275","N970G",3,1,5,4,4,3,2
"276","Z491G",5,3,7,7,6,5,5
"277","I954B",4,5,5,5,6,6,6
"278","V238R",4,4,6,7,5,6,NA
"279","A836E",3,1,4,5,4,3,3
"280","P690F",5,1,6,7,7,2,3
"281","P909H",4,3,5,6,4,5,5
"282","P334F",4,3,5,5,5,3,4
"283","N739L",5,3,7,7,6,4,5
"284","R155E",4,2,5,5,5,4,5
"285","G134K",1,5,3,3,1,7,7
"286","P460L",4,3,6,6,6,5,NA
"287","F976B",4,2,5,5,5,4,5
"288","D613E",5,5,7,7,6,6,6
"289","Q810G",2,5,3,4,3,7,6
"290","C230B",5,2,6,6,6,3,NA
"291","W745O",1,3,3,3,2,5,5
"292","Y122S",1,4,2,3,3,5,6
"293","K301V",4,3,5,5,6,4,5
"294","W165X",4,1,6,5,6,2,0
"295","O893U",1,3,2,3,3,4,5
"296","D513V",3,2,5,4,4,3,4
"297","T164M",1,3,2,3,2,5,5
"298","N622V",2,5,4,3,4,7,6
"299","E443D",5,2,7,6,6,4,3
"300","S513K",2,5,4,3,3,6,6
"301","W867Y",3,4,4,5,4,6,5
"302","U467Q",3,1,5,4,5,3,2
"303","Z591J",5,2,6,5,6,3,NA
"304","T543Q",5,2,7,7,6,4,4
"305","E820M",4,1,6,5,5,2,2
"306","F263W",2,1,4,4,4,3,2
"307","G263J",3,2,4,4,4,4,4
"308","G187T",3,5,4,5,5,6,6
"309","U249W",4,1,6,6,5,2,NA
"310","S856G",5,4,7,6,7,6,6
"311","U459X",4,1,5,5,6,3,3
"312","V962K",4,3,6,5,6,5,5
"313","T319G",5,5,7,7,7,6,NA
"314","M237D",2,3,4,3,3,5,5
"315","K670W",3,2,5,4,4,3,4
"316","T225O",5,4,7,6,6,5,NA
"317","S497C",1,2,2,2,4,4,4
"318","P702T",1,3,2,3,3,4,4
"319","C299A",2,3,3,3,4,5,5
"320","N336O",4,1,5,5,5,2,NA
"321","V606I",4,4,5,6,5,6,6
"322","W520P",1,2,2,2,2,3,3
"323","E616W",2,4,4,4,4,5,5
"324","L251C",1,4,2,2,3,5,6
"325","C537X",1,4,3,3,3,5,6
"326","K237L",3,3,4,5,4,5,4
"327","B176J",3,5,4,5,5,6,7
"328","L684C",1,3,2,3,3,4,5
"329","J937Q",4,3,6,6,6,5,NA
"330","M716B",2,5,3,3,4,5,7
"331","I252J",4,5,6,6,6,7,7
"332","M545H",1,1,2,2,2,2,3
"333","K549Q",5,4,6,7,7,5,5
"334","Y831M",1,1,3,2,3,2,2
"335","T703Q",4,5,5,6,6,6,6
"336","V171U",4,4,5,6,5,6,5
"337","X249Q",1,2,2,2,3,4,4
"338","W641D",3,2,4,3,5,4,4
"339","F166T",3,5,4,4,4,6,7
"340","V221D",4,2,6,6,6,5,NA
"341","K230P",1,3,3,3,3,4,5
"342","C342A",2,1,3,3,3,3,3
"343","M650E",1,1,2,3,2,3,3
"344","P439N",1,5,2,3,2,7,7
"345","H645X",3,3,4,4,4,4,4
"346","W870N",1,3,3,3,2,4,5
"347","S119E",2,1,3,3,3,3,2
"348","M367Q",3,3,4,5,4,5,4
"349","H796O",4,3,6,5,5,4,5
"350","R930N",3,2,4,4,4,4,4
"351","K253X",3,1,5,4,5,3,2
"352","H706V",1,4,3,2,3,6,6
"353","V549Z",1,2,2,2,2,3,4
"354","T795R",2,5,4,4,4,7,NA
"355","U558M",5,1,6,7,6,3,NA
"356","S277X",2,3,3,3,3,5,5
"357","I170Y",3,3,5,4,5,4,3
"358","H310D",5,5,7,6,6,7,7
"359","J365V",5,4,7,6,6,5,NA
"360","W214V",2,4,3,4,4,5,5
"361","W705X",5,5,7,7,7,6,NA
"362","U986G",4,1,5,6,6,2,3
"363","F721F",5,3,6,6,6,5,5
"364","O384N",2,2,4,4,3,4,3
"365","P652W",4,2,6,5,6,4,3
"366","L324S",3,5,4,5,5,7,6
"367","P553D",1,1,2,3,2,2,2
"368","F733Q",3,1,4,4,5,2,3
"369","D763U",4,2,5,6,5,3,3
"370","W651T",3,4,5,4,5,5,5
"371","M576F",5,3,7,7,7,4,4
"372","D648U",5,5,7,7,7,7,NA
"373","N465K",4,1,5,5,6,3,2
"374","B276K",1,1,3,2,2,2,2
"375","N348V",3,2,5,4,3,4,3
"376","E344Y",5,3,6,7,7,4,5
"377","H717I",1,2,2,3,4,3,4
"378","U931A",4,4,5,6,5,5,6
"379","J614G",4,5,6,6,5,6,6
"380","E129K",3,2,4,5,5,3,4
"381","Z777O",2,3,3,3,3,4,5
"382","B339G",2,2,3,4,4,4,4
"383","S442B",1,4,3,2,3,4,7
"384","H392G",3,2,5,4,5,3,3
"385","I408K",5,4,6,7,6,6,7
"386","Q106E",1,5,3,3,2,7,6
"387","Q521Y",4,4,5,5,7,6,6
"388","N560X",4,3,6,6,6,4,NA
"389","Z950U",5,2,6,6,7,4,3
"390","I203G",5,2,6,7,7,4,NA
"391","J301A",1,4,3,4,3,6,5
"392","S976W",1,3,2,2,2,5,4
"393","S741W",4,5,6,5,6,7,NA
"394","V173U",3,2,5,5,5,4,3
"395","E420J",3,3,4,5,5,5,4
"396","E568T",5,4,6,6,7,5,6
"397","H446H",5,4,6,7,7,5,NA
"398","Q861G",2,1,3,3,4,2,3
"399","R762S",4,2,5,6,6,4,2
"400","A978J",3,1,4,5,5,2,2
"401","I713I",3,1,4,4,5,2,2
"402","F432U",3,5,5,5,5,6,NA
"403","A544C",2,2,5,3,4,3,4
"404","D482S",1,5,3,2,2,6,5
"405","X815X",2,2,3,4,3,4,3
"406","T610X",3,4,5,5,5,6,6
"407","C265B",2,1,4,3,4,2,4
"408","Z993Y",5,1,7,6,7,3,3
"409","L470Y",4,5,5,5,6,5,7
"410","S287M",2,1,4,4,4,3,NA
"411","E458N",3,3,5,5,5,4,4
"412","P743P",3,2,4,4,5,4,3
"413","D763M",1,1,2,2,2,3,0
"414","C435H",3,1,4,4,4,3,3
"415","Q745K",4,2,5,5,6,3,3
"416","K619Y",1,4,2,3,2,5,5
"417","U662D",5,4,6,6,6,6,5
"418","N668B",2,4,4,3,3,6,6
"419","G874D",5,5,7,6,7,6,NA
"420","W685J",4,4,6,6,6,6,6
"421","K432F",5,4,7,6,6,5,6
"422","A997G",5,1,6,7,6,2,3
"423","T918L",3,1,4,5,5,2,2
"424","T184S",2,2,4,5,3,3,3
"425","V471N",3,2,4,5,4,3,NA
"426","B721P",5,1,7,6,6,3,NA
"427","D296R",1,1,2,2,2,2,3
"428","D297I",3,1,5,4,5,2,2
"429","X873K",4,1,5,5,5,3,1
"430","T958X",3,1,5,5,4,3,2
"431","Y850S",4,2,4,6,5,4,NA
"432","R351T",2,3,3,3,4,4,5
"433","C554V",3,4,5,4,4,6,NA
"434","G733T",1,2,3,2,2,3,3
"435","V940Z",2,2,3,4,4,4,3
"436","Z378U",1,3,3,2,3,4,4
"437","N674Z",2,5,3,4,4,7,6
"438","R300F",3,3,5,5,5,4,5
"439","B299D",3,1,4,5,5,2,2
"440","P541B",1,2,2,3,3,5,3
"441","R293J",5,3,7,6,6,4,5
"442","T353E",4,5,5,7,5,6,NA
"443","M307W",3,2,4,4,4,3,4
"444","B423R",3,4,5,4,5,5,NA
"445","V531P",3,1,4,4,4,3,3
"446","K868X",2,4,4,3,4,6,6
"447","O765M",2,1,4,4,3,2,3
"448","C674X",2,3,4,3,4,5,4
"449","U539R",2,4,3,3,4,5,5
"450","I295P",2,5,4,3,3,6,5
"451","U222I",3,5,5,5,4,6,7
"452","H989X",2,1,3,4,3,3,2
"453","P102D",3,5,4,4,4,7,6
"454","A951M",4,1,6,5,5,2,3
"455","L142A",3,1,5,4,6,2,NA
"456","H795B",4,4,6,6,6,6,6
"457","X388A",4,1,5,6,6,2,3
"458","O690Z",1,2,3,2,3,3,3
"459","E712C",1,1,3,3,3,3,2
"460","V831A",1,3,3,2,2,4,5
"461","J251V",2,5,4,3,4,7,7
"462","H288H",4,3,6,5,5,5,4
"463","A946V",4,5,5,6,5,6,NA
"464","R916O",1,2,2,2,3,4,4
"465","C708X",2,4,4,3,3,6,5
"466","T721A",2,4,4,3,3,5,5
"467","X267K",2,1,4,4,4,3,NA
"468","U118T",3,1,4,4,5,3,2
"469","O219K",5,1,6,7,7,2,2
"470","V288Z",1,4,3,3,3,5,6
"471","V367P",2,5,3,3,4,7,NA
"472","Z846C",3,5,5,4,5,6,NA
"473","G434G",3,5,3,4,5,6,NA
"474","M499U",2,2,3,3,4,3,4
"475","I733Y",4,2,7,5,5,3,2
"476","I994O",2,3,3,3,4,5,4
"477","M149V",4,4,5,5,5,5,5
"478","J977M",2,5,4,3,4,6,7
"479","G724Y",2,4,3,3,4,5,6
"480","Z841N",3,3,5,5,4,5,4
"481","Y465S",3,5,5,4,4,6,6
"482","K445U",5,3,6,7,6,5,5
"483","Y379Z",4,2,5,5,6,3,4
"484","D889S",4,2,5,5,5,3,NA
"485","G673G",2,3,3,5,3,4,4
"486","L542S",1,2,2,2,2,4,3
"487","K182T",3,1,4,5,6,3,2
"488","F233Y",2,5,4,4,3,7,7
"489","S972H",3,3,4,4,4,5,NA
"490","N621M",4,4,6,5,6,5,6
"491","V330R",1,4,3,2,3,5,NA
"492","D579D",5,1,7,6,7,3,3
"493","N999K",3,5,4,4,5,6,NA
"494","K270Q",4,4,5,6,7,5,NA
"495","J474E",3,2,5,5,5,3,4
"496","C629K",5,4,6,6,7,6,5
"497","G518S",4,2,5,6,5,4,4
"498","F540N",3,2,4,5,4,4,3
"499","Q410J",4,1,5,6,6,2,3
"500","H377G",1,2,2,3,3,3,4
"501","E836Y",5,5,7,7,7,6,NA
"502","H796B",3,5,5,4,5,5,7
"503","I904K",3,2,5,5,5,4,4
"504","I424A",2,2,4,4,3,4,4
"505","D789K",2,1,3,3,4,2,2
"506","G952M",2,2,3,3,4,3,4
"507","P655F",2,2,2,3,4,4,NA
"508","K686V",4,4,5,5,6,5,5
"509","P182S",4,1,7,6,5,2,3
"510","U585I",3,2,4,6,4,3,4
"511","W250C",4,2,6,6,6,3,3
"512","O431P",3,1,5,5,5,2,2
"513","M450B",4,3,6,6,4,5,4
"514","J120Z",1,1,3,3,3,2,4
"515","J444K",1,4,3,3,3,5,6
"516","N225A",3,5,5,4,5,6,6
"517","A847M",3,2,4,4,4,4,NA
"518","R271B",4,4,5,6,6,5,6
"519","T207P",2,5,3,3,3,6,7
"520","Y126L",3,2,5,4,4,4,4
"521","P230O",2,3,4,3,3,4,4
"522","D669M",1,5,4,2,2,6,7
"523","E351Q",1,2,2,3,3,5,3
"524","P451M",3,2,5,5,5,4,NA
"525","Q766V",5,5,7,7,7,7,NA
"526","L986W",4,3,6,6,6,4,NA
"527","Q851A",1,5,2,3,3,7,7
"528","W250C",2,5,3,3,4,6,6
"529","R870I",5,2,6,6,6,4,4
"530","C349N",3,5,4,5,5,6,6
"531","J959L",4,3,5,6,6,5,4
"532","E666C",3,3,5,4,4,5,5
"533","F245L",3,4,3,5,5,5,6
"534","V760F",3,4,5,3,4,5,6
"535","A637D",4,1,5,6,6,3,3
"536","A627Z",1,3,3,2,3,5,4
"537","D775V",3,4,5,5,5,5,6
"538","N434V",5,4,7,6,7,6,6
"539","Q710E",4,3,5,5,5,5,5
"540","U319Z",2,4,3,3,3,6,5
"541","W792F",5,2,7,7,6,4,4
"542","G157Z",3,2,5,4,4,3,4
"543","Q670O",5,2,7,6,5,3,4
"544","L354H",5,1,7,7,7,2,2
"545","X613P",3,3,4,4,4,5,5
"546","H914H",3,3,5,5,5,5,5
"547","D392M",1,3,2,3,2,4,4
"548","F813E",2,5,2,4,4,7,7
"549","E784W",4,2,5,5,5,3,NA
"550","B838E",5,4,7,6,7,6,NA
"551","A969A",5,1,6,7,6,2,2
"552","L167X",1,4,2,2,3,5,6
"553","L404X",4,4,6,5,6,6,4
"554","U786K",2,5,3,3,4,6,6
"555","S921F",1,2,3,3,3,5,3
"556","J129O",1,3,3,2,3,4,NA
"557","O671E",3,5,5,5,5,7,6
"558","R761R",1,3,3,3,3,5,5
"559","G377J",5,5,7,6,6,7,6
"560","Y293Q",3,1,4,4,5,3,3
"561","E963W",2,3,3,4,4,5,5
"562","K372H",3,4,5,5,4,5,6
"563","M590T",2,1,3,4,4,3,3
"564","M930M",4,4,5,6,7,5,6
"565","V241O",4,5,6,5,6,6,NA
"566","T234M",3,3,4,3,5,5,5
"567","O869B",1,5,2,2,2,6,7
"568","R212U",1,3,3,3,3,5,5
"569","U580T",3,5,5,5,4,7,7
"570","Q436J",5,1,6,6,6,2,3
"571","R739Y",1,3,3,3,2,4,5
"572","I200K",3,3,4,4,3,3,6
"573","N423N",5,4,6,7,7,5,6
"574","J644V",5,1,6,7,7,2,2
"575","W628H",2,4,4,5,4,5,5
"576","K514D",4,2,5,6,5,4,4
"577","F465J",1,5,2,2,2,6,6
"578","C309T",1,2,3,2,3,3,4
"579","E199Z",2,5,4,3,4,7,6
"580","Z672J",4,4,5,5,5,6,6
"581","T524A",1,1,4,3,2,3,2
"582","D744G",2,4,4,3,4,6,5
"583","U380G",3,4,4,4,4,5,5
"584","M313V",5,4,7,6,6,7,NA
"585","V823M",5,3,6,7,6,4,NA
"586","C744S",1,2,3,2,2,3,3
"587","N287M",3,1,5,5,5,3,2
"588","T389Y",2,3,3,4,4,5,5
"589","R766K",5,2,7,7,7,4,NA
"590","O397I",4,3,6,5,6,4,5
"591","U622G",2,5,3,4,4,7,6
"592","D615H",4,5,5,6,5,7,7
"593","A403N",5,4,7,5,7,6,NA
"594","Y969S",5,5,6,6,7,7,6
"595","Z700B",5,4,6,6,7,5,7
"596","W239O",2,2,3,3,4,4,NA
"597","H318F",3,4,4,5,4,6,6
"598","J634C",5,1,7,6,7,3,3
"599","V317Y",4,2,6,5,5,4,2
"600","V905Z",2,1,3,4,3,3,3
"601","A616S",5,1,5,6,6,3,2
"602","X315J",3,5,4,4,4,6,6
"603","L146P",5,5,5,7,6,7,6
"604","J480F",4,2,7,5,5,4,5
"605","E663T",1,5,3,3,2,7,5
"606","O764B",2,3,3,4,2,4,NA
"607","X209H",2,3,3,2,3,4,4
"608","Q604B",2,1,3,4,3,3,2
"609","S592K",3,1,4,5,4,2,2
"610","J901C",4,4,6,5,4,5,NA
"611","U847S",1,1,2,2,3,2,3
"612","R197Z",3,4,5,5,4,4,6
"613","T902Q",2,1,4,3,3,2,2
"614","V848I",2,5,4,3,4,6,7
"615","W337Z",3,5,4,4,5,6,6
"616","R584O",1,3,2,3,2,4,5
"617","Z252O",2,4,4,3,4,6,6
"618","I446A",3,4,5,5,5,5,6
"619","V941L",1,3,2,2,2,5,5
"620","S612R",1,3,3,3,3,5,4
"621","Z284T",2,4,5,4,3,6,NA
"622","V914O",3,3,4,5,5,4,2
"623","G507G",3,5,5,4,4,7,7
"624","V487G",1,3,2,2,2,4,6
"625","L992K",5,4,6,6,7,6,6
"626","J406P",5,3,7,7,6,5,NA
"627","I295E",1,4,2,3,2,5,5
"628","M510G",5,2,7,7,6,4,3
"629","O822Z",4,4,5,4,5,5,6
"630","U203U",4,4,5,6,6,5,NA
"631","S708T",5,5,7,7,7,7,NA
"632","U638H",4,1,5,5,5,3,3
"633","F689U",1,5,3,3,2,7,7
"634","F954M",5,1,6,6,6,3,2
"635","A930S",3,4,4,5,4,5,NA
"636","I386F",2,5,3,4,3,7,7
"637","Z574S",5,4,7,7,6,6,NA
"638","R769R",5,5,7,6,7,7,NA
"639","R610M",2,5,3,4,3,7,6
"640","E955K",4,4,6,6,6,6,4
"641","Y575Z",1,2,2,3,3,4,5
"642","X128H",3,3,5,5,4,4,4
"643","C980G",4,3,5,5,6,4,4
"644","V486R",2,4,3,3,5,6,6
"645","N167P",1,4,3,3,2,5,6
"646","R751W",4,2,5,5,6,3,3
"647","G213Q",1,2,3,2,2,3,4
"648","H708N",2,5,3,3,4,7,NA
"649","Y600R",3,5,4,4,5,7,7
"650","Q897K",1,4,3,2,3,5,5
"651","H174N",5,3,7,6,6,5,NA
"652","P196L",5,2,5,6,7,3,3
"653","L701P",5,2,6,6,6,3,4
"654","W682I",1,1,2,2,3,3,3
"655","Y836O",4,1,5,5,6,3,2
"656","X664E",2,3,3,4,4,4,NA
"657","O958Z",2,1,3,4,3,3,2
"658","I254O",5,2,7,6,7,4,NA
"659","J903O",2,4,3,4,3,5,5
"660","Z385P",1,3,3,4,3,5,5
"661","Y405Z",2,3,5,3,3,5,5
"662","L925K",5,2,6,7,7,3,NA
"663","J507L",4,4,6,5,5,6,NA
"664","H842L",3,4,4,4,4,6,5
"665","I921D",2,4,4,4,4,5,5
"666","V210L",4,3,6,5,5,4,5
"667","J132Q",2,4,4,4,4,6,6
"668","X353D",1,3,3,2,2,5,5
"669","O400D",2,5,3,2,4,6,6
"670","X944Y",3,1,5,5,5,3,3
"671","R519Z",4,2,6,5,6,4,4
"672","P472Q",2,3,3,3,4,5,4
"673","N938E",5,2,6,6,6,3,NA
"674","K680Y",5,4,6,7,7,5,NA
"675","N506L",4,4,5,5,5,5,NA
"676","G313V",1,4,2,3,3,5,6
"677","Y986L",3,1,4,5,4,2,3
"678","O128W",5,5,6,7,6,7,6
"679","S631T",5,5,6,6,6,6,NA
"680","P438Y",2,2,3,3,4,3,3
"681","K519M",3,1,5,4,4,3,4
"682","D761Y",1,1,2,3,2,3,3
"683","V608L",1,4,2,2,1,6,6
"684","G302C",1,5,2,3,3,7,6
"685","F429V",3,3,4,4,5,4,4
"686","I878F",1,1,2,2,2,3,2
"687","C835C",3,4,5,5,5,6,6
"688","T228K",2,4,3,3,4,5,6
"689","F549L",5,2,7,7,6,3,4
"690","Q189W",1,3,3,2,3,5,5
"691","Y469R",4,2,6,6,6,3,3
"692","I324A",3,1,4,5,5,3,2
"693","R784F",2,2,4,3,4,4,4
"694","D290M",5,5,7,6,6,6,7
"695","O290E",5,2,7,7,7,4,4
"696","N797M",2,5,4,3,3,6,7
"697","J557O",4,2,5,5,5,4,3
"698","K325O",4,5,6,6,6,6,7
"699","E637M",5,1,6,7,6,2,2
"700","M935Y",5,3,6,7,6,5,4
"701","V520O",2,2,4,4,4,3,3
"702","T496N",3,3,4,5,4,4,5
"703","A552S",4,1,5,5,4,2,2
"704","N469D",3,2,3,4,4,3,4
"705","D500E",5,1,7,7,7,3,3
"706","R529O",4,1,6,4,5,2,2
"707","Z196I",5,5,6,7,6,7,NA
"708","B821E",3,2,4,5,5,3,5
"709","N363K",3,2,4,4,4,4,3
"710","T266C",2,5,3,4,4,6,6
"711","Z652F",2,2,3,3,4,4,3
"712","S452P",5,4,7,6,7,6,NA
"713","R107Y",1,1,3,2,3,3,2
"714","S603F",1,5,3,2,2,6,7
"715","G200J",4,3,5,5,6,5,5
"716","B875T",1,3,2,3,2,4,4
"717","G114C",1,2,2,3,3,4,4
"718","X629K",4,2,5,6,6,3,4
"719","F895T",2,2,3,3,3,4,3
"720","P675X",1,2,2,3,3,3,4
"721","T607C",4,5,6,5,6,7,6
"722","X495O",3,3,4,4,5,4,NA
"723","J208L",1,3,3,2,3,5,4
"724","D707L",3,5,4,5,4,7,7
"725","O715Z",1,2,3,2,2,4,3
"726","X951N",5,4,7,6,7,5,NA
"727","T777Y",5,3,6,6,7,5,4
"728","Z496N",4,1,5,5,5,1,3
"729","P607N",2,5,3,3,3,7,6
"730","A202Q",1,2,3,2,2,3,3
"731","T957P",2,2,3,3,4,3,4
"732","D270L",1,5,3,2,4,7,7
"733","H726I",3,1,4,5,6,2,NA
"734","N273J",1,5,3,3,3,7,6
"735","M528D",3,2,4,4,5,3,3
"736","K648Y",5,5,7,7,7,6,7
"737","A408R",4,2,6,5,5,3,4
"738","D633O",4,1,6,6,5,2,3
"739","I323L",3,4,4,4,5,5,5
"740","W423W",1,5,2,2,2,7,7
"741","O338W",5,1,7,7,7,1,2
"742","Y943V",3,2,4,4,4,3,4
"743","T362O",4,5,6,6,6,6,7
"744","Y140P",1,3,3,3,2,5,5
"745","S657W",4,4,6,5,6,6,5
"746","P172J",1,3,3,2,3,5,5
"747","J914O",1,1,2,3,2,3,2
"748","J618D",3,4,5,5,4,5,6
"749","L413S",2,1,3,4,4,2,2
"750","P376G",2,3,4,3,3,5,4
"751","N837H",3,2,4,5,4,3,3
"752","J970B",1,4,2,2,3,5,5
"753","D176V",2,5,4,2,4,7,6
"754","D634V",1,2,3,3,3,3,4
"755","F312Z",1,1,2,2,2,1,3
"756","F532S",4,4,5,4,6,6,6
"757","C772D",2,1,4,4,3,3,2
"758","C962T",1,5,2,3,2,6,7
"759","U906M",1,2,3,3,3,4,4
"760","H870Q",3,2,5,5,4,4,4
"761","S589D",3,5,5,4,4,7,NA
"762","E654V",5,2,7,7,6,4,4
"763","R522G",4,1,6,6,6,4,3
"764","Z287T",5,3,7,7,6,5,4
"765","A788E",2,5,3,4,3,5,7
"766","Y647U",2,4,3,3,4,5,NA
"767","D357I",4,1,6,6,5,3,3
"768","Z481P",1,4,2,3,3,5,6
"769","D847G",4,2,6,5,5,3,4
"770","M297B",4,3,5,5,6,5,4
"771","V742Z",1,5,3,3,2,6,7
"772","P496G",5,4,7,7,7,5,NA
"773","W434I",1,1,3,3,2,1,2
"774","R194U",3,5,4,4,5,7,7
"775","J309M",4,2,4,6,5,4,4
"776","J991E",2,2,3,4,4,4,NA
"777","I632D",4,1,6,6,4,1,NA
"778","J150N",3,5,4,4,4,7,7
"779","Q988V",3,3,4,5,4,4,5
"780","L474V",1,1,3,3,2,3,2
"781","H172A",2,2,4,4,3,3,4
"782","H549R",3,3,5,5,5,4,5
"783","D871O",1,3,2,4,3,5,4
"784","P331P",3,5,4,5,3,6,7
"785","W407J",2,5,3,4,3,7,6
"786","A803L",3,3,5,5,5,4,5
"787","U369W",4,2,6,6,6,3,4
"788","B783O",4,2,5,5,5,3,3
"789","L364C",1,5,2,2,2,6,6
"790","Z697C",5,3,7,7,6,4,NA
"791","V261Y",3,5,4,4,5,6,NA
"792","U440H",4,4,4,6,6,4,5
"793","C138B",2,3,4,3,3,5,4
"794","J795Q",1,1,3,2,3,2,2
"795","T981T",3,3,5,5,4,4,5
"796","U419R",4,2,5,5,5,4,4
"797","U136A",4,2,5,5,5,3,4
"798","R901J",4,2,5,4,5,2,4
"799","W836E",2,3,3,3,2,4,4
"800","G684Q",5,2,6,6,6,3,NA
"801","V358W",2,3,3,4,3,5,4
"802","F598V",1,3,2,2,2,5,2
"803","I530K",2,4,4,4,3,5,NA
"804","A160L",1,4,2,2,3,5,6
"805","L864I",4,4,5,6,5,5,5
"806","R637Y",4,5,5,6,6,7,NA
"807","Q282R",2,1,3,4,3,3,2
"808","O577K",5,3,6,6,7,5,5
"809","J817O",1,3,3,2,3,5,4
"810","M862Z",4,1,6,6,6,3,3
"811","S355S",1,5,2,3,3,7,6
"812","J979W",4,4,5,6,6,6,5
"813","G990V",4,3,5,5,5,4,3
"814","N509A",3,1,4,4,5,3,2
"815","W914L",5,3,7,7,7,5,5
"816","R687E",5,3,6,6,7,4,3
"817","J646Y",4,1,5,6,6,2,3
"818","O172I",2,4,4,4,4,6,5
"819","M331R",2,1,3,4,3,2,1
"820","O351L",3,4,5,4,4,5,NA
"821","J546N",1,2,2,2,2,3,4
"822","R515C",1,4,3,3,2,5,6
"823","D603H",5,1,7,6,6,3,NA
"824","I879T",1,1,2,3,1,2,2
"825","S194Y",1,3,2,2,2,5,5
"826","Z458W",5,1,6,6,6,3,3
"827","Z348W",1,4,2,3,2,5,6
"828","Y295R",2,3,4,3,3,4,4
"829","L501H",1,3,2,3,2,4,4
"830","A470U",1,4,2,3,2,5,6
"831","S640E",1,1,2,3,2,1,3
"832","S910F",4,3,5,5,6,5,5
"833","G678U",1,3,3,3,3,4,5
"834","D538U",5,1,7,6,6,3,2
"835","X781S",1,5,3,3,2,6,7
"836","V101D",3,2,5,5,4,4,4
"837","G541N",4,1,6,5,6,2,2
"838","Y157U",4,4,5,6,6,6,6
"839","F375U",1,5,3,2,3,6,7
"840","G237Y",4,5,6,6,5,6,6
"841","N373N",3,1,4,5,4,2,1
"842","G446Q",4,3,5,5,6,5,4
"843","L140Z",3,4,5,5,4,6,6
"844","K609L",3,1,4,4,5,3,3
"845","S417X",5,1,6,7,6,2,2
"846","F686A",5,5,6,6,6,6,6
"847","T136T",1,2,2,3,3,4,3
"848","Y140M",3,4,4,4,5,6,5
"849","U573L",1,4,3,2,2,6,6
"850","R277M",3,4,4,5,5,6,5
"851","F445L",1,3,2,3,3,4,5
"852","V380M",2,2,3,4,3,4,4
"853","V960I",4,5,5,6,4,6,5
"854","K645H",5,1,6,6,7,3,NA
"855","Z956Q",3,2,4,4,5,4,3
"856","R817P",1,5,3,3,2,7,7
"857","C409G",5,2,6,7,6,4,4
"858","O614M",4,1,6,5,6,3,3
"859","H908N",2,1,4,4,4,3,2
"860","S499N",5,4,6,7,6,6,5
"861","R564A",5,5,6,6,6,6,7
"862","W797Z",3,1,5,4,4,2,1
"863","Q351T",2,4,4,3,4,6,5
"864","A724J",3,3,5,5,5,5,5
"865","O120X",1,1,2,2,2,3,2
"866","Q898F",2,2,4,4,4,4,4
"867","V909C",1,2,2,2,4,3,4
"868","M853K",1,5,3,3,3,7,NA
"869","D645S",2,1,3,4,4,2,NA
"870","K975J",3,2,4,5,5,5,4
"871","E820U",4,5,6,6,6,7,6
"872","Y161E",5,5,7,7,7,5,NA
"873","W688J",5,1,7,6,7,2,3
"874","L293J",1,1,2,3,2,2,3
"875","P524A",3,4,4,4,5,6,5
"876","F524I",3,2,5,5,5,4,3
"877","A346S",4,3,7,7,6,5,5
"878","J570F",4,4,6,5,5,6,5
"879","A275T",2,1,3,3,4,3,3
"880","Z726K",3,4,4,4,4,6,NA
"881","Q260O",5,2,6,7,6,4,3
"882","R490R",5,2,7,7,6,4,3
"883","X518X",5,5,7,7,6,7,7
"884","R745A",2,4,4,4,4,5,6
"885","L457O",2,3,4,4,3,4,4
"886","A539B",3,4,4,5,5,6,NA
"887","O504H",4,4,5,5,6,5,NA
"888","L653K",5,1,7,6,7,2,3
"889","Q770U",4,3,5,4,5,5,5
"890","R698O",2,3,3,3,4,5,4
"891","O118W",3,4,4,4,5,6,5
"892","H266F",5,3,6,7,6,4,5
"893","G240C",2,4,4,4,4,5,5
"894","K651K",2,4,4,3,3,4,4
"895","T157N",3,4,4,4,4,6,6
"896","E559R",1,5,2,1,3,5,6
"897","B791C",4,4,6,6,6,4,6
"898","Q393E",1,1,2,4,2,3,3
"899","F820D",4,4,6,5,5,6,6
"900","C641T",3,3,4,4,5,5,4
"901","D396B",5,2,6,5,7,3,NA
"902","P304S",4,3,6,6,6,4,4
"903","B940H",3,2,4,5,4,4,3
"904","M780X",3,4,5,4,5,5,5
"905","N513D",4,4,6,6,6,5,6
"906","A452M",3,4,5,5,5,6,6
"907","U730R",2,1,4,3,2,2,1
"908","X468J",4,4,5,6,5,6,4
"909","R708K",3,5,4,5,4,6,6
"910","K328P",1,5,2,3,2,6,5
"911","W504G",3,4,5,5,5,6,NA
"912","T841B",5,2,7,7,6,4,4
"913","G270V",4,1,5,6,5,3,2
"914","B170M",4,4,5,5,5,5,6
"915","S872D",1,3,3,3,2,4,4
"916","L882D",1,2,2,2,3,4,3
"917","E185J",5,2,7,6,7,3,NA
"918","B177T",2,2,4,4,3,3,4
"919","S140N",3,2,5,4,4,3,4
"920","O160S",3,4,4,5,5,5,5
"921","O679N",2,5,4,4,4,6,6
"922","K233U",1,4,3,3,3,5,5
"923","X571L",1,3,1,3,3,3,4
"924","V622M",3,5,4,4,4,6,6
"925","L728A",3,5,4,4,4,6,7
"926","U224Y",3,2,4,4,5,4,4
"927","Y169D",1,5,2,2,2,6,7
"928","E906V",4,1,6,5,5,3,NA
"929","J842J",5,5,6,7,6,6,NA
"930","I497I",5,2,7,6,6,3,3
"931","P923J",3,4,4,4,5,6,5
"932","Y490M",2,1,4,4,4,3,2
"933","E326D",3,3,4,5,5,4,5
"934","E147P",4,5,6,6,6,7,NA
"935","H530R",1,4,2,3,2,5,5
"936","Y428F",1,4,2,2,3,5,5
"937","S754P",1,1,3,2,2,2,3
"938","S560Z",4,1,6,5,5,3,2
"939","R595V",3,3,5,4,5,5,5
"940","H958O",2,5,4,4,3,6,6
"941","T520B",5,2,6,6,6,4,3
"942","H259T",1,5,2,2,2,6,7
"943","Z918O",5,3,7,6,6,4,5
"944","J860F",1,2,2,3,3,4,NA
"945","Q595A",1,4,2,2,2,5,5
"946","V822Z",1,3,3,4,2,4,5
"947","C418K",5,2,7,6,6,4,3
"948","U515F",3,4,5,4,4,6,NA
"949","A153Z",3,5,4,4,5,6,NA
"950","Z179G",1,4,4,3,2,6,6
"951","G371R",1,1,2,3,2,2,3
"952","F384W",2,5,4,3,4,5,6
"953","M292X",5,2,6,7,7,3,3
"954","O392J",3,5,5,4,4,6,6
"955","Z257E",1,3,3,4,2,5,4
"956","H660L",5,5,6,6,7,7,NA
"957","K730G",3,3,4,4,4,4,5
"958","G788K",1,1,2,4,2,2,2
"959","E584U",5,1,6,6,7,4,2
"960","L891D",1,4,3,2,3,5,5
"961","X851A",5,1,7,7,6,2,3
"962","J117L",4,1,5,6,6,2,2
"963","C857M",5,5,7,6,7,7,7
"964","H886J",3,3,5,6,5,4,4
"965","K937D",2,5,3,2,3,6,6
"966","G359Q",1,2,3,2,2,3,3
"967","F331O",4,4,5,6,6,5,6
"968","W727R",2,1,3,4,4,3,3
"969","J937E",3,2,5,4,4,3,4
"970","B781T",1,2,2,2,2,3,3
"971","Z754E",1,5,3,2,3,6,7
"972","D540Q",5,4,6,7,7,6,NA
"973","B126M",1,2,3,2,2,4,3
"974","B649O",5,3,6,7,7,4,5
"975","W856C",5,2,6,6,7,5,4
"976","B899G",3,2,5,5,4,4,5
"977","H659D",5,1,6,7,6,2,3
"978","D564O",2,5,5,4,4,6,6
"979","B137Q",1,3,3,3,2,4,5
"980","N579R",5,5,6,6,7,7,7
"981","H965O",1,5,2,2,2,6,6
"982","J113G",2,4,4,3,3,5,6
"983","C636K",5,4,7,7,6,6,NA
"984","P311B",3,1,4,4,4,2,2
"985","N681Y",1,4,2,2,2,5,4
"986","O770Q",1,2,3,2,4,4,3
"987","T780Y",2,3,3,4,4,4,4
"988","I676L",1,5,2,2,2,7,7
"989","C860L",2,1,4,3,4,3,3
"990","N432G",1,3,2,2,2,4,5
"991","T783Q",2,2,4,4,4,2,3
"992","G121M",2,2,4,3,4,3,3
"993","J661O",5,1,7,7,7,2,2
"994","D767U",4,2,6,6,6,4,4
"995","R839M",5,5,7,6,6,6,6
"996","R759O",3,4,4,5,4,5,6
"997","R114Q",4,1,5,5,5,3,3
"998","O760L",4,3,6,5,5,4,4
"999","A631K",1,2,2,3,2,3,4
"1000","H722I",2,4,3,4,3,5,5
"1001","K408P",4,4,6,6,5,5,5
"1002","Y758K",1,4,3,3,2,6,5
"1003","G960L",1,3,2,3,2,5,5
"1004","T604B",1,2,3,2,3,3,2
"1005","O782V",2,3,3,4,4,4,6
"1006","Q504V",3,4,4,5,5,5,6
"1007","B123R",2,3,3,4,3,4,5
"1008","V692R",4,2,6,5,6,4,3
"1009","A207O",3,1,5,5,5,3,2
"1010","W887K",4,5,5,5,5,6,6
"1011","I706M",3,4,5,4,4,5,6
"1012","Y709M",2,2,4,4,4,4,3
"1013","D711A",5,4,6,6,6,5,5
"1014","S174V",5,2,6,7,7,3,NA
"1015","H686U",4,1,5,5,5,2,2
"1016","V633C",4,3,6,5,5,5,4
"1017","F197J",2,5,4,4,4,7,NA
"1018","F404M",2,1,3,4,4,3,3
"1019","K227Q",1,1,3,2,2,2,2
"1020","R732P",2,2,3,4,3,3,4
"1021","M205Z",5,1,7,7,7,2,NA
"1022","P939A",3,4,5,4,4,5,6
"1023","E725K",3,2,5,4,5,4,4
"1024","L303Y",2,3,3,4,4,5,5
"1025","D232U",1,4,3,2,3,5,5
"1026","U604W",4,2,5,6,6,4,3
"1027","J923B",2,4,4,3,4,6,5
"1028","H352C",4,5,6,7,6,7,NA
"1029","J331F",4,1,6,5,5,3,3
"1030","O284G",3,5,5,4,5,7,6
"1031","R784N",4,5,5,6,7,6,6
"1032","C137Z",2,3,2,4,3,5,5
"1033","D593W",4,1,6,5,6,3,3
"1034","Z135Q",5,3,6,7,7,3,4
"1035","A542O",2,5,4,3,4,7,7
"1036","S237G",2,2,4,3,4,3,4
"1037","H670Y",5,1,6,7,6,3,3
"1038","T682P",3,4,4,3,5,6,5
"1039","A106H",4,4,7,6,5,6,5
"1040","O665R",4,4,6,6,5,5,6
"1041","J142V",2,3,3,4,5,5,5
"1042","A401X",2,2,4,4,4,3,3
"1043","B212K",2,5,4,4,4,6,6
"1044","V921R",5,5,7,7,7,6,6
"1045","B342O",5,4,7,7,6,6,5
"1046","K583U",1,4,3,2,3,5,6
"1047","J771L",5,5,7,7,7,7,NA
"1048","U383E",5,4,7,7,6,6,NA
"1049","D585U",4,2,6,5,6,3,4
"1050","M145U",5,1,6,6,6,2,NA
"1051","T178Y",1,3,2,3,2,4,4
"1052","P417P",2,2,4,3,4,3,NA
"1053","U763I",1,1,2,3,2,2,3
"1054","C855M",1,3,2,3,3,4,5
"1055","V371A",5,2,7,6,6,4,3
"1056","P898S",4,3,6,6,5,4,4
"1057","W471L",3,5,4,6,4,7,7
"1058","O730K",3,1,4,4,4,2,3
"1059","J348N",5,4,7,7,7,5,5
"1060","R430S",4,4,6,6,5,6,6
"1061","G565H",5,4,6,6,5,6,NA
"1062","P759C",5,2,6,6,7,4,4
"1063","O382F",3,2,4,4,5,3,3
"1064","P969B",4,3,4,6,4,5,4
"1065","D712B",1,2,2,2,3,3,3
"1066","P473E",5,3,7,6,6,4,5
"1067","V224V",2,4,4,3,4,6,5
"1068","G352G",5,4,6,6,7,6,NA
"1069","B205H",5,1,7,7,7,2,NA
"1070","R495D",5,4,7,6,6,5,5
"1071","H429W",5,5,6,7,7,7,NA
"1072","R740T",2,4,4,2,4,6,6
"1073","V201V",5,3,5,6,7,5,NA
"1074","E665E",5,2,6,6,6,4,3
"1075","Q413U",5,5,6,6,7,7,6
"1076","E428P",3,4,5,5,4,5,6
"1077","I453S",2,3,4,2,3,5,4
"1078","Y666C",3,5,4,4,5,6,NA
"1079","J788N",4,1,5,5,5,3,2
"1080","Z276W",1,1,3,3,3,3,3
"1081","B236C",2,4,3,3,3,5,5
"1082","P813K",3,5,5,4,4,6,6
"1083","P896R",5,2,7,7,7,4,4
"1084","A677D",4,1,6,6,6,1,NA
"1085","U839X",1,4,2,3,3,5,6
"1086","E224E",1,3,3,3,2,5,4
"1087","L393E",5,5,6,7,6,7,6
"1088","R999N",5,3,7,6,6,5,4
"1089","M172R",5,2,6,7,7,4,NA
"1090","A611V",2,5,4,3,2,7,4
"1091","E184B",4,1,5,6,5,3,2
"1092","W355O",3,5,5,4,4,7,7
"1093","I357Z",5,5,6,5,7,7,NA
"1094","G509Z",1,4,2,3,3,6,6
"1095","C340N",2,3,3,5,3,5,5
"1096","J626Q",1,4,3,3,2,6,5
"1097","Z781Z",2,5,3,3,4,7,NA
"1098","G836H",2,4,3,4,4,5,6
"1099","A583U",1,3,3,2,3,4,5
"1100","H208W",4,4,4,6,5,6,NA
"1101","B675I",1,1,3,3,2,2,3
"1102","S642K",3,4,4,4,5,6,6
"1103","F475P",2,4,3,4,4,5,6
"1104","V933R",3,4,4,4,5,5,5
"1105","X632O",2,3,3,4,2,5,4
"1106","S790K",2,5,3,3,4,6,6
"1107","O662F",2,4,3,3,4,6,6
"1108","P787R",5,4,7,7,6,5,5
"1109","E194F",5,3,6,7,7,4,4
"1110","X767S",2,4,4,4,3,5,6
"1111","J666Q",2,3,4,4,4,4,5
"1112","Z344N",4,4,5,5,6,5,6
"1113","H573A",5,1,7,7,6,2,2
"1114","E510E",2,2,3,3,3,3,3
"1115","Q572M",5,4,6,6,7,5,6
"1116","D857E",4,3,6,5,6,4,5
"1117","P115L",4,3,5,6,5,4,5
"1118","D977B",5,5,6,7,6,6,6
"1119","C656L",3,5,4,4,5,6,7
"1120","K203C",3,1,4,5,5,3,2
"1121","S725Y",4,2,6,5,5,4,4
"1122","U162J",2,3,4,4,3,4,4
"1123","R715E",5,2,6,6,7,3,4
"1124","I281W",3,3,5,4,3,6,5
"1125","S772F",1,3,2,1,2,6,4
"1126","Z515S",4,4,6,6,7,5,6
"1127","Z374X",1,2,3,3,2,3,4
"1128","L524Q",4,1,5,6,5,3,3
"1129","S999X",3,1,4,3,5,3,3
"1130","N364A",2,3,4,3,4,4,2
"1131","O974A",5,4,7,6,6,6,5
"1132","E183N",1,2,3,2,3,4,3
"1133","W449B",3,5,5,5,5,6,6
"1134","W575H",4,2,6,5,5,4,3
"1135","B818D",3,5,5,5,5,6,6
"1136","U835A",4,4,6,5,5,5,5
"1137","Z637U",1,2,3,2,2,2,3
"1138","J471C",4,4,5,5,5,6,5
"1139","L725G",2,2,3,4,4,3,4
"1140","F667X",2,3,3,4,3,4,4
"1141","S549D",2,1,4,4,4,3,3
"1142","H463H",3,4,4,4,4,5,6
"1143","H375C",5,3,7,7,7,5,5
"1144","F381L",5,3,6,7,6,4,5
"1145","T815N",1,3,2,3,2,3,5
"1146","M559Y",5,1,6,6,7,2,3
"1147","R142C",5,2,7,6,7,3,3
"1148","B751D",3,1,5,6,4,3,3
"1149","F623T",1,4,2,3,3,6,6
"1150","U733E",5,4,7,6,7,5,NA
"1151","Q594E",2,2,3,3,3,3,4
"1152","R678Z",5,3,5,7,7,4,4
"1153","B675U",1,5,2,4,2,7,5
"1154","Z285A",1,3,2,2,3,4,4
"1155","Q658H",3,3,4,4,4,4,5
"1156","I972K",4,1,5,5,5,3,3
"1157","F939B",3,3,5,5,4,6,5
"1158","H458A",2,4,3,3,5,6,6
"1159","F318I",3,3,5,5,5,5,4
"1160","U941Q",4,4,5,6,6,6,6
"1161","R990J",1,3,2,3,3,5,5
"1162","F211T",5,1,6,6,7,2,3
"1163","Q732N",2,1,3,3,4,3,2
"1164","T344I",1,4,2,3,3,6,6
"1165","E747L",1,2,3,3,2,3,3
"1166","Z985L",4,5,6,5,6,6,NA
"1167","F802A",2,4,4,4,3,6,NA
"1168","N433U",4,2,6,6,6,3,4
"1169","Q963I",4,2,5,5,6,4,NA
"1170","Q144N",2,4,4,4,4,5,3
"1171","W213Z",2,3,4,3,4,4,5
"1172","C567X",5,5,7,7,7,7,6
"1173","S215V",2,1,4,3,4,2,2
"1174","N901E",4,3,6,6,5,5,4
"1175","N988U",2,5,4,4,3,7,7
"1176","N791A",2,5,4,4,3,6,6
"1177","D568T",3,5,4,5,5,6,6
"1178","H826R",2,1,4,3,3,3,2
"1179","X306J",1,2,2,2,2,3,4
"1180","Q738F",3,1,5,4,5,2,2
"1181","D743O",5,5,7,6,6,6,7
"1182","W472K",3,5,5,4,5,6,6
"1183","P242W",1,5,2,2,2,6,7
"1184","N202M",3,4,5,5,5,5,5
"1185","V574E",5,2,6,7,7,4,4
"1186","S481J",1,3,3,3,3,5,4
"1187","J749N",4,1,5,4,6,3,3
"1188","V903G",2,2,4,3,3,4,3
"1189","M518G",4,1,6,5,5,3,2
"1190","R136V",2,4,4,3,4,5,5
"1191","T997V",4,2,6,5,5,4,3
"1192","G137I",4,5,6,5,6,7,7
"1193","R164O",5,1,7,7,7,3,2
"1194","C260T",1,3,2,2,2,5,5
"1195","S607Q",5,3,7,6,7,4,4
"1196","W755K",2,5,3,4,3,7,7
"1197","T101E",4,5,5,6,6,7,NA
"1198","C110O",5,3,7,6,7,3,4
"1199","U527H",4,2,5,5,6,3,3
"1200","W645X",3,3,5,4,5,4,4
"1201","A248T",1,5,2,2,2,6,6
"1202","Y490B",5,5,7,6,6,6,7
"1203","D561B",3,1,4,4,4,3,2
"1204","F326P",1,2,2,2,3,3,3
"1205","J165O",5,5,7,7,6,6,7
"1206","H801H",2,2,3,4,3,4,3
"1207","Q255O",5,5,7,6,6,6,NA
"1208","G103K",4,2,6,6,5,4,3
"1209","C540C",5,5,7,7,7,6,NA
"1210","S431F",5,4,6,6,7,6,5
"1211","O505X",5,4,6,6,7,6,NA
"1212","C451D",1,3,3,3,3,4,5
"1213","J829Z",5,5,7,7,7,6,NA
"1214","V121N",1,2,2,2,3,4,3
"1215","J981T",2,2,4,3,5,4,3
"1216","Z687Z",4,1,5,5,6,2,3
"1217","Y391U",2,5,4,3,4,6,6
"1218","N577J",3,3,4,5,5,4,5
"1219","E832V",2,5,3,3,4,7,7
"1220","Q618X",2,4,3,4,4,5,3
"1221","Q202U",4,1,5,6,5,2,3
"1222","J716P",3,5,5,4,5,7,6
"1223","L139A",2,3,4,4,3,4,4
"1224","J504V",5,4,7,6,7,6,6
"1225","D633K",3,4,4,5,4,5,5
"1226","P414I",2,1,4,4,4,3,2
"1227","S271O",5,5,7,6,6,7,7
"1228","U571P",1,2,2,3,3,4,3
"1229","G821L",2,4,3,4,4,6,NA
"1230","U221Q",5,4,7,7,7,6,NA
"1231","T348Z",1,5,4,2,2,7,7
"1232","M628Q",5,5,6,6,7,6,7
"1233","K926I",5,5,6,5,6,6,NA
"1234","G660F",2,2,4,3,3,3,2
"1235","F878H",5,1,7,6,7,3,3
"1236","E436I",1,5,2,3,2,6,7
"1237","N189H",4,5,6,6,5,6,7
"1238","N745S",3,2,4,4,4,4,3
"1239","S379S",4,3,6,5,5,4,NA
"1240","P965O",2,3,4,4,5,5,5
"1241","B311T",4,5,6,5,6,7,6
"1242","S131R",2,2,3,3,3,4,4
"1243","N295O",5,5,6,6,6,6,6
"1244","F709T",4,4,5,5,5,5,6
"1245","V369E",1,4,2,3,2,5,5
"1246","X996U",4,1,4,5,6,2,NA
"1247","X169W",5,5,6,6,6,7,7
"1248","C194M",1,3,3,3,3,5,4
"1249","P517U",3,1,4,4,4,3,2
"1250","J634E",4,4,6,6,6,5,6
"1251","M656L",4,3,6,5,5,5,5
"1252","L217H",5,2,6,6,6,4,4
"1253","A117X",1,1,3,2,3,2,2
"1254","F569E",4,1,6,5,6,3,3
"1255","J172N",1,2,2,3,2,5,4
"1256","G769W",2,3,4,3,3,4,3
"1257","B356C",1,3,2,3,2,4,5
"1258","D871Q",5,2,7,6,7,3,3
"1259","L271M",4,5,5,6,6,7,NA
"1260","S900E",2,4,3,4,3,6,5
"1261","U136H",4,1,5,5,5,4,3
"1262","Y948E",2,3,3,4,3,5,4
"1263","G833F",2,3,3,4,3,5,5
"1264","S838X",5,5,6,6,6,6,7
"1265","U684X",1,4,3,2,3,5,6
"1266","A609Z",5,2,7,7,7,3,3
"1267","O673Q",5,2,7,7,7,4,3
"1268","E145E",2,4,4,4,3,5,5
"1269","X328D",4,5,5,7,6,7,NA
"1270","B293R",5,2,7,5,6,4,3
"1271","F378E",1,2,3,1,2,3,4
"1272","W320L",3,3,4,5,5,4,4
"1273","W469W",5,5,6,6,7,7,NA
"1274","V789O",1,1,2,2,2,3,2
"1275","P756S",5,5,7,7,6,6,NA
"1276","P782Y",5,2,6,6,7,4,NA
"1277","X214U",5,2,7,6,6,4,2
"1278","K996K",5,3,6,7,6,5,5
"1279","A416E",5,2,6,7,7,4,4
"1280","W885T",5,2,6,7,7,4,4
"1281","M929L",3,3,4,4,4,4,5
"1282","I807F",4,1,5,6,5,1,NA
"1283","O947A",5,1,7,7,6,2,2
"1284","O950J",3,2,4,4,5,3,3
"1285","I723O",5,3,7,7,7,5,6
"1286","E367C",2,5,3,4,4,6,6
"1287","Z392I",1,1,3,2,3,2,3
"1288","N930Y",2,2,4,3,3,4,4
"1289","M170Q",1,3,2,3,2,3,4
"1290","X477B",2,4,4,3,4,5,6
"1291","H227U",3,2,5,4,5,4,2
"1292","Y799F",5,4,6,7,6,5,NA
"1293","C911E",1,1,3,2,2,2,3
"1294","X654C",1,3,2,3,2,4,4
"1295","B265S",2,1,4,4,3,2,3
"1296","W133T",4,5,5,5,6,7,7
"1297","A161R",5,4,6,6,7,6,NA
"1298","U450S",2,2,3,3,3,4,4
"1299","R755E",1,5,3,3,3,7,6
"1300","K172N",3,5,5,5,5,7,6
"1301","R997T",5,4,7,6,6,6,NA
"1302","H497R",2,2,3,4,3,4,3
"1303","F794A",2,4,4,3,4,6,5
"1304","Q681O",1,5,3,2,1,6,6
"1305","H194I",1,3,3,4,2,5,4
"1306","R481E",2,4,3,4,3,7,5
"1307","C450D",3,3,4,4,4,5,4
"1308","C926M",5,3,6,6,7,5,NA
"1309","V378W",2,4,3,3,3,5,6
"1310","N454C",5,5,7,6,6,7,NA
"1311","B762I",2,5,3,4,3,6,7
"1312","F420U",4,3,6,5,6,4,NA
"1313","B102F",2,1,3,4,4,3,3
"1314","X637N",5,5,6,6,7,6,6
"1315","Z172D",4,1,6,6,6,3,3
"1316","E905A",2,1,3,4,4,3,2
"1317","V795Y",3,3,5,5,4,5,5
"1318","V146F",3,2,5,4,4,4,4
"1319","R683O",5,4,7,7,6,6,6
"1320","W776V",4,4,5,6,6,5,5
"1321","E858J",1,4,2,2,2,6,6
"1322","T616X",3,3,4,5,4,4,5
"1323","Y952N",3,4,5,5,5,6,6
"1324","W359Q",4,3,6,5,6,5,5
"1325","H154R",1,3,3,2,4,5,4
"1326","L388A",3,5,6,5,5,7,7
"1327","P672U",2,3,3,5,3,5,5
"1328","A635R",1,5,2,3,2,7,7
"1329","W956F",2,2,3,3,4,4,NA
"1330","U108Z",2,5,4,3,3,7,NA
"1331","X952F",1,3,2,2,2,4,5
"1332","W192D",4,3,5,6,6,5,5
"1333","X603T",2,2,3,3,4,4,3
"1334","Z317F",4,4,5,5,6,6,NA
"1335","M309R",1,3,3,3,2,4,NA
"1336","D677S",1,2,2,2,2,4,4
"1337","C325V",2,2,3,3,4,4,3
"1338","C435W",1,2,3,2,3,3,4
"1339","K232F",4,3,5,5,4,4,4
"1340","C962F",3,3,5,4,4,5,4
"1341","Y105P",3,5,4,5,5,7,7
"1342","O294F",2,1,4,4,3,2,3
"1343","G770R",5,3,6,7,6,4,4
"1344","H813M",3,4,4,5,4,6,6
"1345","S851T",3,5,4,4,4,6,NA
"1346","V878C",2,3,3,3,4,5,4
"1347","T140C",3,1,4,5,5,2,2
"1348","Z797N",1,2,2,2,3,4,3
"1349","N185M",2,1,4,3,3,3,2
"1350","U415Y",2,3,3,3,3,5,5
"1351","R940B",2,4,4,3,4,5,5
"1352","J657D",3,3,5,4,5,5,4
"1353","W522D",2,5,4,3,4,7,7
"1354","O504T",2,3,3,4,3,4,4
"1355","N106J",3,5,5,4,5,7,6
"1356","W518A",2,4,4,3,3,5,5
"1357","H701A",2,2,3,3,4,5,3
"1358","T738U",2,1,4,3,4,3,2
"1359","W995Y",2,3,3,4,4,4,5
"1360","R200Y",3,1,5,4,5,2,2
"1361","I896E",3,3,4,4,4,4,5
"1362","J203P",2,4,3,4,4,5,6
"1363","X842G",4,2,6,6,5,4,4
"1364","D148J",5,1,7,6,7,3,3
"1365","S348B",2,2,4,3,3,4,3
"1366","L953G",3,3,5,4,5,4,3
"1367","V519N",3,5,4,4,5,6,7
"1368","P785Z",4,4,5,6,6,6,5
"1369","S370A",1,5,2,3,2,7,7
"1370","H731F",5,3,7,7,6,5,5
"1371","K836H",5,3,7,6,6,4,4
"1372","N875K",4,5,6,5,5,7,NA
"1373","J802D",3,3,4,5,4,5,6
"1374","B406J",1,4,2,2,3,6,6
"1375","R506X",2,4,3,4,3,5,5
"1376","F938C",2,1,4,4,3,2,3
"1377","T787O",5,2,6,6,7,4,3
"1378","E106F",1,5,2,2,2,7,7
"1379","O978D",2,5,4,3,3,7,NA
"1380","V631O",3,3,5,4,5,5,5
"1381","K611K",4,2,5,6,6,4,3
"1382","P620S",3,2,4,5,4,4,3
"1383","J499O",5,4,7,7,7,6,NA
"1384","Y531L",5,3,7,7,7,5,5
