"sno","Year","Month","NewInv","DistInv","SalesInv","WebsiteInv","UniqueOnlineVisits","Print_Potential","Online_Disp_AdRev","Online_Class_AdRev","Print_Retail_AdRev","Print_Gen_AdRev","Print_Class_AdRev","PrintCirc","county"
1,2009,1,1854629.872,4402250.501,1432883.444,447065,274630,4856900,90173,131682,4878774,3009971,7596804,841562,"Cook County"
2,2009,2,2240510.352,3560328.608,1623250.296,410189,269779,4856900,93447,132974,6134171,3055196,7054648,826697,"Cook County"
3,2009,3,2514826.521,3985143.291,1781877.667,616647,252286,4529870,105349,152585,6981539,3293736.27,7690343,831999,"Cook County"
4,2009,4,2209714.421,3775256.624,1573611.947,277031,256707,4529870,82579,154872,8071836,3115309,8818993,846578,"Cook County"
5,2009,5,2514976.311,3876301.479,1840557.527,421938,261940,4529870,65696,157139,7912646,3895295,7705000,863837,"Cook County"
6,2009,6,2263372.073,3555356.002,1532101.246,441796,260676,4529870,92890,146462,6945802,3905247,7959440,859669,"Cook County"
7,2009,7,2521555.425,4072113.699,1732091.014,464322,259132,4529870,105218,140251,6803487,3370389,8469770,854575,"Cook County"
8,2009,8,2475242.471,3677634.923,1913155.902,427235,258668,4529870,94591,142580,7562938,3106612,7836865,853044,"Cook County"
9,2009,9,2329031.556,3513046.082,1416692.011,352383,316737,4907260,69420,138607,7225039,2900536,8403263,883597,"Cook County"
10,2009,10,2633002.815,4004352.289,1746575.325,562618,320375,4907260,113171,128690,7640587,3634130,6959096,893745,"Cook County"
11,2009,11,2443730.116,3596754.036,1779750.93,323771,310797,4907260,96186,118383,9677391,3930094,6318500,867025,"Cook County"
12,2009,12,2321568.233,3864486.804,1697650.207,301558,302400,4907260,54700,115587,10023153,3481846,6397644,843599,"Cook County"
13,2010,1,2419495.279,3647282.979,1621426.183,382908,304547,4907260,78934,119711,5944162,3335151,6735177,849589,"Cook County"
14,2010,2,2231587.159,3229814.147,1546963.986,334343,296968,4907260,82677,118070,6823005,2851253.69,6676333,828448,"Cook County"
15,2010,3,2272582.593,3484927.579,1506919.419,392359,330384,4792030,100782,129925,7618559,3519167.28,7938632,829597,"Cook County"
16,2010,4,2411184.453,3643949.805,1720549.572,437801,336271,4792030,95499,130453,6979182,3166296.58,6897974,844381,"Cook County"
17,2010,5,2722753.882,3864625.573,1755644.181,386717,336832,4792030,102444.7,133651,8359180,3412951.79,6896589,845789,"Cook County"
18,2010,6,2465693.95,3533758.181,1455149.39,493290,330086,4792030,110841,154508,7885069,3451169,8364699,828849,"Cook County"
19,2010,7,2717208.263,4103116.521,1693393.369,524075,334705,4792030,92288,148904,6149699,2921877.27,6985028,840449,"Cook County"
20,2010,8,2744434.64,4610239.75,1885675.026,364438,333635,4792030,87102.18,150663,7416197,3357851.46,7270331,837761,"Cook County"
21,2010,9,2775481.319,3899011.365,1576072.033,418765,348805,4879090,136522,164789,7468356,3434412,7832073,846698,"Cook County"
22,2010,10,3103106.129,4226299.785,1946247.201,460308,360684,4879090,130228,184186,8156401,3489855.91,6867841,875533,"Cook County"
23,2010,11,2843944.188,3725497.491,1902314.432,473302,355280,4879090,113170,179025,9878009,4256298.46,6288475,862415,"Cook County"
24,2010,12,2985177.534,4668967.211,2182823.906,1124298,349736,4879090,113436,158856,10963612.95,5327743.24,5920914,848958,"Cook County"
25,2011,1,2950344.508,3660446.412,1605518.391,514938,347313,4879090,79643,194301,6202495,3416835,6270372,843076,"Cook County"
26,2011,2,2607525.692,3279954.732,1619577.227,423485,347030,4879090,93361,193910,6915617,3551169,6440267,842389,"Cook County"
27,2011,3,2683114.173,3507256.34,1681503.598,441782,332248,4788430,127198,207095,7638092,3379204,7700136,855435,"Cook County"
28,2011,4,2815115.101,3724696.977,1943705.752,490545,328675,4788430,107448,234317,7738727,3770945,6202976,846234,"Cook County"
29,2011,5,2834442.185,3673108.589,1823647.64,468680,330236,4788430,131344,238442,8300408,3399703,6532458,850254,"Cook County"
30,2011,6,2656145.277,3469949.876,1734280.599,487719,326650,4788430,126479,234358,7817915,4500450,7507497,841022,"Cook County"
31,2011,7,3016069.172,3972697.937,2132945.199,439611,318278,4788430,185526,237619,6351062,3112897,6251665,819466,"Cook County"
32,2011,8,2763284.03,3624947.387,2023055.713,520243,323562,4788430,113855,264498,8085041,4277213,7067218,833072,"Cook County"
33,2011,9,2956766.524,3683177.266,1859419.312,568056,354614,4826360,121658,257816,8103946,4072241,6562929,850377,"Cook County"
34,2011,10,3067279.035,4203484.088,1932629.104,520226,354913,4826360,179381,346870,8151359,4011284,6527664,851093,"Cook County"
35,2011,11,2632625.23,3509181.192,1832280.163,511397,349865,4826360,149044,559309,10895487,4738285,6559871,838987,"Cook County"
36,2011,12,3071235.292,4710088.167,2159046.571,901747,350508,4826360,109004,450611,9569333,4435272,4862221.34,840528,"Cook County"
37,2012,1,2904519.43,3813860.043,1726198.129,498184,344534,4826360,143901,567436,6592023.33,3962148.65,5664744.87,826203,"Cook County"
38,2012,2,2615269.362,3676351.951,1632533.952,479646,340960,4826360,151349,645603,7368013.69,4124988.58,6904504.59,817632,"Cook County"
39,2012,3,2990930.24,3810651.673,1912860.871,570244,368681,4805210,150592,639675,7391064.93,3875764.12,6204525.98,835294,"Cook County"
40,2012,4,2870672.903,3882300.103,2047581.506,605688,363554,4805210,146086,632342,8005376.75,4233779.48,5828946.83,823678,"Cook County"
41,2012,5,2788909.481,3772854.532,1951015.213,510702,364666,4805210,190646,708236,8759472.24,4076814.23,7035071.93,826197,"Cook County"
42,2012,6,2924840.577,3741955.79,2055627.078,627912,361205,4805210,129317,668268,7800619.26,3898720.54,6267211.26,818355,"Cook County"
43,2012,7,2937214.278,4014774.813,2069842.561,601172,353181,4805210,136682,674318,7004594.54,3115555.12,6028490.55,800177,"Cook County"
44,2012,8,3015639.016,3700887.441,2438636.424,606976,354397,4805210,150104,745190,8308429.37,3527683.69,7044300.06,802931,"Cook County"
45,2012,9,3036448.031,4026448.127,1952997.816,613826,398709,4776336,188608,714171,8446012.26,3587415.21,6084617.77,822196,"Cook County"
46,2012,10,2897480.16,3922300.376,1969752.798,591790,400869,4776336,286110.69,718535.05,9348223.22,3978448.24,6928281.92,826651,"Cook County"
47,2012,11,3044416.374,3989328.621,2284583.09,638271,403486,4776336,225495.61,591737.77,10635237.13,3963820.37,5188954.51,832046,"Cook County"
48,2012,12,3099696.591,4462013.075,2196199.211,743333,388459,4776336,138280.38,518436.27,10138672.85,4424270.15,4675845.56,801059,"Cook County"
49,2013,1,2767008.839,3988832.1,1939145.204,508768,392864,4776336,190919.11,735497.55,7058650,3417108,6173304,810144,"Cook County"
50,2013,2,2584461.803,3597941.353,1807778.818,481866,387214,4776336,206202.55,714718.82,7197719,3821887,5757523,798491,"Cook County"
51,2013,3,2945230.984,3749901.195,2191658.061,537210,389121,4743872,223895.62,738848.75,8083118,4129938,5748791,799838,"Cook County"
52,2013,4,2734520.376,3614481.505,1998070.428,595649,381996,4743872,251063.65,758090.15,8299091,3922543,5769803,785192,"Cook County"
53,2013,5,2653854.579,3370475.845,2157842.963,598930,383285,4743872,276942.02,806059.47,9661285,4185793,6544228,787843,"Cook County"
54,2013,6,2704637.04,3421635.375,2202201.231,622524,377433,4743872,260185.65,822647.24,8323857,3756972,5903934,775813,"Cook County"
55,2013,7,2584634.305,3627428.787,2030128.963,531759,365331,4743872,240690.53,924593.47,8147175,3409991,6697587,750938,"Cook County"
56,2013,8,2890578.566,3501401.293,2596833.709,587818,364430,4743872,247790.74,887985.75,7906227,3517610,5652477,749085,"Cook County"
57,2013,9,2862569.383,3771676.911,2073919.668,567024,395776,4901884,331402.27,864886.74,9139328,3987313,5458419,785985,"Cook County"
58,2013,10,2678774.947,3545398.571,2311912.744,550365,398792,4901884,308305,959232,10357115,4461578,6138290,791974,"Cook County"
59,2013,11,2879885.611,3579373.03,2476048.558,581511,390249,4901884,359769.38,758341.68,11351292,4491056,4614655,775009,"Cook County"
60,2013,12,2841919.822,4122356.761,2561200.477,734971,378048,4901884,309480.27,681137.73,10857045,5079771,4248997,750777,"Cook County"
61,2014,1,2882698.303,3563313.406,2177524.292,513669,381919,4901884,313161.35,985745.64,8089264,3846636,5835539,758466,"Cook County"
62,2014,2,2668278.472,3322316.776,2072013.844,434870,376497,4901884,256083.66,955329.18,7750866,3267952,5015144,747697,"Cook County"
63,2014,3,2948859.834,3755961.954,2450071.017,471651,403310,4721778,335534.84,1036934.49,8236880,2977479,5479612,759375,"Cook County"
64,2014,4,2598138.841,3524550.23,2356542.579,627753,395660,4721778,355404.31,1142976.74,8994882,3484756,6044793,744972,"Cook County"
65,2014,5,2753745.238,3789056.058,2770250.306,659804,397681,4721778,427673.49,1050135.47,10037256,3017127,5108585,748776,"Cook County"
66,2014,6,2722091.138,3566400.901,2674644.98,646154,392435,4721778,425153.15,1179017.61,9389440,3350384,5284786,738900,"Cook County"
67,2014,7,2583072.946,3878205.214,2545970.338,730617,377314,4721778,414905.47,1161733.46,9121210,2907694,5597100,710428,"Cook County"
68,2014,8,2848277.157,3742866.573,2974910.122,634826,377050,4721778,464543.03,1118888.05,9269657,2937953,4898153,709932,"Cook County"
69,2014,9,2886142.296,3902243.508,2790898.31,558936,393451,4712364,469781.62,1141937.75,10135540,3052463,4714835,749486,"Cook County"
70,2014,10,2803069.389,3799584.293,2744952.628,737565,396787,4712364,490805.84,1151816.57,10291734,3752710,5447234,755840,"Cook County"
71,2014,11,2897177.825,3698364.32,2821271.88,773187,390429,4712364,633710.39,948931.68,12032899,4062905,4145613,743728,"Cook County"
72,2014,12,2642498.015,4169211.258,2848023.903,909787,377829,4712364,474818.06,907467.04,10824431,4418169,3993192,719726,"Cook County"
73,2015,1,2902813.259,3875776.752,2333326.372,764008,391867,4712364,367216.57,1109555.72,7336286,2939448,4360131,746468,"Cook County"
74,2015,2,2439891.503,3431853.346,2319992.538,667967,391984,4712364,375675.82,1199146.12,7640703,2966757,4470573,746690,"Cook County"
75,2015,3,2837426.201,3686896.664,2525136.98,676450,402527,4805984,543795.83,1308859.96,8294255,3499092,4422896,754310,"Cook County"
76,2015,4,2686314.513,3606867.154,2461679.834,906928,397309,4805984,468270.58,1414685.26,8423269,3737539,5056768,744532,"Cook County"
77,2015,5,2876112.428,3804738.666,2831867.419,823032,399135,4805984,670558.41,1305193.76,9219845,3553354,4260022,747955,"Cook County"
78,2015,6,2666504.895,3602115.486,2620138.061,815391,396591,4805984,611025.07,1331127.31,8415811,3536368,4479765,743188,"Cook County"
79,2015,7,2821455.199,3819212.66,2824959.314,948962,379500,4805984,485544.3,1371139.28,8013425,3183404,4714471,711160,"Cook County"
80,2015,8,2980170.18,3918511.288,3100412.237,901443,378032,4805984,565148.39,1359785.43,8691010,3188172,4131526,708408,"Cook County"
81,2015,9,2669260.302,3618511.061,2499052.523,908512,472474,4594914,681276.25,1280185.84,9301608,3519730,4628011,749134,"Cook County"
82,2015,10,2849662.108,3899360.731,3013998.579,1061679,470833,4594914,653135.21,1141757.39,9295181,3448950,3744106,746533,"Cook County"
83,2015,11,2833188.995,3720947.886,2980936.521,830372,469938,4594914,674895.56,961845.09,10978159,3823922,3240844,745114,"Cook County"
84,2015,12,2702610.437,4061540.033,2937656.871,910973,454893,4594914,499821.81,844351.59,10712937,3809262,2981004,721259,"Cook County"
85,2016,1,2766441.587,3685310.049,2455439.973,963741,458188,4594914,316733.75,1042377.46,6578273,2879901,3254556,726483,"Cook County"
86,2016,2,2583725.732,3333761.68,2319664.433,768008,452951,4594914,489595.09,1003408.06,7692381,3083759,2978567,718179,"Cook County"
87,2016,3,2589822.125,3446424.415,2414731.919,870932,460655,4614338,563363.61,992446.21,7632286,3135496,3548676,719432,"Cook County"
88,2016,4,2653267.606,3489425.638,2737570.018,963823,455503,4614338,605622.07,927759.13,7812557,2654875,3092446,711387,"Cook County"
89,2016,5,2432187.065,3235372.661,2201126.705,966610,455116,4614338,700692.71,946085.17,8353605,2761441,2878918,710782,"Cook County"
90,2016,6,2300687.197,3046812.844,2215141.139,806562,443537,4614338,607486.37,875580.8,7796364,2260296,3035925,692699,"Cook County"
91,2016,7,2502604.286,3241920.638,2385182.696,892656,420463,4614338,501397.91,862396.17,6887230,1993662,2443652,656663,"Cook County"
92,2016,8,2294050.514,3037447.133,2342115.263,839506,423390,4614338,641673.36,790662.89,7817096,2394329,2592413,661234,"Cook County"
93,2016,9,2400903.124,3117804.541,2327336.976,942227,395502,4419784,551220.15,739396.53,6846119,2711028,2236698,685723,"Cook County"
94,2016,10,2365003.764,3171821.931,2185180.108,890416,393848,4419784,778212.61,729226.12,7136614,3504239,1998728,682856,"Cook County"
95,2016,11,2062082.353,2883054.324,2058933.494,788291,390747,4419784,591804.14,533583.72,9523209,3514248,1795910,677479,"Cook County"
96,2016,12,2258356.264,3145408.734,2554219.145,836863,374886,4419784,588281.25,450524.1,8328033,2639658,1183985,649980,"Cook County"
97,2017,1,1938139.794,2982666.836,1563049.683,689110,399184,4419784,277757.73,485409.93,4205608.25,2319248.44,1749017,692107,"Cook County"
98,2017,2,1734901.461,2394060.369,1598678.024,577477,377975,4419784,311375.2,459686.72,4334504,1605420,1647287,655335,"Cook County"
99,2017,3,1968242.277,2989764.711,1682088.986,653878,490478,4205344,280520.22,475687.25,5080501.65,1773846.9,1845270,716649,"Cook County"
100,2017,4,1979881.641,2839297.715,1733762.995,679567,436760,4205344,399741.76,423614.09,4547463.82,1343134,1463970,638160,"Cook County"
101,2017,5,1865942.534,2602546.44,1759555.417,651294,443953,4205344,436696.15,410869.77,5586920.17,1903609.46,1610346,648670,"Cook County"
102,2017,6,1968892.914,2762864.171,1677755.873,741839,421008,4205344,412675.14,417039.8,4637468.25,1834421.04,1349889,615145,"Cook County"
103,2017,7,2001118.004,2862454.838,1712291.508,603785,394903,4205344,365763.03,407630.35,4592939.9,1453745,1506216,577001,"Cook County"
104,2017,8,1871498.645,2694380.544,1625956.653,644780,394783,4205344,361140.74,444230.03,4901116.52,1454450.51,1550451,576827,"Cook County"
105,2017,9,1975588.258,2650218.696,1854361.474,691980,413130,4253138,445543.99,434747.67,5064476.36,1665518.73,1515914,608549,"Cook County"
106,2017,10,1924949.286,2846778.135,1814933.744,713895,417680,4253138,420978.31,435405.06,5010115.62,1679931,1611863,615252,"Cook County"
107,2017,11,1868932.811,2586302.269,1746276.935,670464,417830,4253138,469513.97,401729.58,6873010,2156906,1585044,615472,"Cook County"
108,2017,12,2123134.237,3314463.036,2016408.644,899897,399830,4253138,503911.99,344551.42,6319952,2620626,1164687,588958,"Cook County"
1,2009,1,1851056.25024826,4389571.9880661,1451042.91764736,444962.367914207,260729.907718366,4861498.52510155,88916.9925360959,145579.866314277,4877371.55302034,3015427.3608251,7585777.75889728,842424.023144029,"Suffolk County"
2,2009,2,2232913.83819316,3550152.69296342,1636880.65638494,402832.674733117,262696.700171936,4868942.0937303,93420.3177388553,137837.624402089,6133249.77225103,3049557.16828606,7044471.10447353,824331.25681158,"Suffolk County"
3,2009,3,2514024.77072609,3970727.66250298,1789957.64007577,618738.038011014,248837.71603593,4542338.01002091,108401.317758091,158265.022060173,6987059.02272499,3289058.63685022,7678804.82711399,836037.231507875,"Suffolk County"
4,2009,4,2202934.87502392,3771045.97347308,1582472.96203228,277987.156998174,246298.201954056,4545177.98084103,78784.7890559081,168939.211798625,8070044.78463308,3120714.62129067,8808102.62395486,843318.707037272,"Suffolk County"
5,2009,5,2519405.77131899,3871465.66285878,1851581.83303979,422380.711872747,247915.090405205,4537649.46888236,64482.2018307205,164003.761076402,7908933.3875224,3894696.12707485,7696470.24226957,867314.578908671,"Suffolk County"
6,2009,6,2268751.19606259,3545272.09507472,1549518.4073201,443486.607332857,249122.507660439,4544478.08941373,94763.1502934825,158558.05482826,6946879.66830642,3900143.97571308,7948308.52389132,861773.187982855,"Suffolk County"
7,2009,7,2520551.35454549,4061809.58089363,1743043.01694885,464179.814528514,248423.345449165,4545759.50652489,105319.69010004,153305.633167572,6807211.40101672,3371643.96180682,8464634.93519903,856117.084327433,"Suffolk County"
8,2009,8,2475994.26040361,3663899.70707672,1918516.32375395,429775.714916307,248057.381364221,4543593.39870548,98719.3126133494,152465.517046321,7561322.28891357,3106534.99141758,7828721.11923342,848758.377093595,"Suffolk County"
9,2009,9,2328655.57409497,3498699.37087082,1429020.82014607,351101.367128167,303556.607785204,4918453.56891629,66486.3384015206,157059.584912069,7221654.1038704,2901241.62584349,8390520.43255159,886352.180908367,"Suffolk County"
10,2009,10,2627006.13438174,3988843.66895439,1758466.82137567,564772.266365338,313409.455936169,4924122.33531917,109872.503641903,144516.319210464,7644149.61066976,3637814.58925653,6943771.70502288,898174.494938347,"Suffolk County"
11,2009,11,2438605.17654831,3581062.00885726,1790146.09895195,324269.052925337,298589.732862988,4919405.55086964,98694.1807100214,129488.911519844,9674375.07991044,3935697.01901004,6305911.35285096,861588.357528765,"Suffolk County"
12,2009,12,2319442.01760192,3845744.27237305,1706590.14680158,306765.774452167,287865.117755579,4922214.79049161,56694.7605228517,129420.47347891,10022524.4840594,3475855.60565615,6390836.76524941,845388.537075209,"Suffolk County"
13,2010,1,2422683.88207802,3641211.99534588,1629056.4320579,381089.5847978,297277.1841632,4917626.51781318,77853.458253542,124954.962231325,5938883.80430312,3340456.26006594,6721937.45860141,851103.998976374,"Suffolk County"
14,2010,2,2228027.02250461,3218706.07768491,1563554.21189773,336693.453892956,280085.501419736,4917219.64358049,84808.3847817946,129762.841123557,6824630.49798517,2855066.6840033,6661060.57884674,834648.230457587,"Suffolk County"
15,2010,3,2276378.98034297,3470328.16366163,1517929.95704718,394341.002526522,320311.238200093,4809207.33738245,100697.137947304,141074.077508133,7622102.38749778,3517873.65682616,7928656.93070648,834767.078319963,"Suffolk County"
16,2010,4,2406755.56848004,3637053.8668564,1735304.64359904,439040.150105044,330193.68406949,4794843.64944158,98756.3624951765,140516.521392876,6978268.9544826,3167575.0641659,6886414.47633,845159.946220875,"Suffolk County"
17,2010,5,2724544.27356204,3848735.94987445,1769558.43576642,386305.199209422,331556.40360277,4800781.04786991,109423.675412203,147789.122028904,8358681.49046001,3416505.37535284,6886452.76126786,843328.252247429,"Suffolk County"
18,2010,6,2464570.17964405,3518430.13102455,1470424.42349283,493340.659812056,320028.938650958,4803668.4286182,108024.429844212,164929.672370518,7887349.7679486,3449402.28003474,8347684.50964589,829259.075620981,"Suffolk County"
19,2010,7,2715520.49550413,4090871.98334916,1705513.97012273,521270.553363999,326711.932231365,4802261.47312808,93515.1669884212,155353.269870063,6143856.29380515,2922620.29750267,6979466.68895061,840205.35222136,"Suffolk County"
20,2010,8,2743815.48065635,4598321.82547106,1891531.29415166,371293.532377027,325136.240265789,4808212.45538604,89668.4992437496,161277.789829124,7414223.83415357,3357665.51778369,7265393.19408056,831316.491193198,"Suffolk County"
21,2010,9,2775363.06161781,3892012.79634454,1583778.32750097,420374.676415799,337911.112901354,4897797.07610319,137091.497413933,178882.694564188,7466544.81470896,3433865.63082387,7820006.62678587,844655.125360146,"Suffolk County"
22,2010,10,3104701.63282663,4212705.5625808,1959402.87734813,462583.98179807,349128.942513946,4887879.67376682,137614.382243596,200399.108598953,8151484.45839661,3496075.98856751,6857184.95279014,880141.980145073,"Suffolk County"
23,2010,11,2846786.76423414,3706903.53046545,1913098.84574353,469581.446823755,337753.913471913,4887116.16296732,106182.94234395,192396.658894699,9883648.63610213,4253051.7063267,6271255.71838175,865258.693529256,"Suffolk County"
24,2010,12,2978790.46300192,4658859.17452847,2199032.77819231,1120064.71043225,340544.12590057,4889399.77914948,118505.142924389,172495.7827568,10962592.9921237,5320125.78048978,5917281.07557528,845426.101715203,"Suffolk County"
25,2011,1,2947472.24965091,3647800.63374865,1619159.42673817,507062.80762694,342364.10056675,4890170.24418354,84056.300585933,207998.165244957,6208241.46887276,3415287.36640214,6261599.1438241,846546.263032708,"Suffolk County"
26,2011,2,2604770.75549117,3272084.41882102,1635972.17979174,421050.386302769,332643.403123571,4894001.26477509,92117.6581408028,204154.932920206,6912808.32017391,3556433.22313554,6431146.34718956,837965.981536113,"Suffolk County"
27,2011,3,2679801.11061458,3499411.39033848,1692300.78567386,448722.529751359,317262.687794959,4799106.77628086,121079.030750461,216324.550175834,7630772.75064849,3379901.9271723,7695164.75345317,848392.73706981,"Suffolk County"
28,2011,4,2815506.82809431,3708660.36830495,1960656.80144939,497644.831961794,325370.888783317,4802818.99476081,111473.086441543,241001.591216967,7732524.50959692,3773038.60792348,6191328.72680386,839659.046209479,"Suffolk County"
29,2011,5,2835017.4596826,3667458.50331353,1836312.05050754,473134.221322201,313344.522549039,4801342.6978938,137139.29692675,250665.319833167,8299029.50469632,3393132.83102938,6521810.58114431,849772.050860614,"Suffolk County"
30,2011,6,2658128.49455673,3456196.96713012,1751201.01092111,479477.87022377,322787.984792469,4806457.57649263,120625.693208022,251344.466560978,7823722.08904495,4502100.59061628,7494200.5344441,837267.362390764,"Suffolk County"
31,2011,7,3014074.99773889,3959472.4411335,2143448.26209154,444318.148255315,313886.806348639,4795860.49061112,185388.355768215,254451.68411248,6356071.52976244,3110662.49195941,6241427.08222564,816704.305194071,"Suffolk County"
32,2011,8,2760343.58773103,3614438.70857606,2038297.39008261,514192.350132374,306509.68936513,4801295.36066816,107448.314686324,273036.438854972,8090865.03447456,4277331.30369849,7051178.87291394,835803.593394652,"Suffolk County"
33,2011,9,2953827.86189849,3672451.0250638,1871243.92044261,561873.186835455,347182.803613773,4839404.16630999,115441.170962241,269378.427278608,8109561.30506331,4074498.01329554,6557204.00637434,850900.829440121,"Suffolk County"
34,2011,10,3067990.21859431,4195171.75384131,1945862.99974676,517348.425998794,342909.188514866,4829380.84182133,183226.109837363,358390.343173994,8153030.64024897,4012656.73163884,6517325.91578377,852453.324936453,"Suffolk County"
35,2011,11,2632141.94965723,3492794.53237222,1842400.19751632,508519.93801154,344497.633868605,4833987.04800908,155351.424328988,568303.080653647,10896318.4087309,4734396.56718759,6546271.59273038,844102.749692312,"Suffolk County"
36,2011,12,3074596.56861378,4701946.76806046,2168739.07508281,894268.450646687,345037.640242225,4834956.3560876,107363.331067652,462627.405059956,9574939.543703,4435941.65862131,4857582.13218518,836710.943485212,"Suffolk County"
37,2012,1,2897593.77096443,3801845.92206314,1732397.86844547,491449.360378195,333791.682845928,4842847.05268488,140469.413264584,573639.797258902,6593487.20446322,3961363.82271106,5647599.98248512,829020.762112711,"Suffolk County"
38,2012,2,2618260.6008192,3663383.6379067,1646651.33948662,485059.986821892,325126.209464893,4842586.73235368,148994.000288729,656024.291182516,7369824.20124981,4124672.95595339,6892160.34378551,819331.680877151,"Suffolk County"
39,2012,3,2990756.7706151,3802575.094046,1921173.84228182,573193.265701463,357691.989393806,4811774.18613344,152027.304587008,652015.266683838,7393679.7041836,3874166.1176391,6189791.65088301,842655.086780904,"Suffolk County"
40,2012,4,2871785.74758707,3872864.27866724,2059659.7576764,605551.252594136,354421.987030651,4816992.88376657,141921.685746279,639615.588441312,8007016.26282483,4233811.90611745,5815340.2586444,823103.588546554,"Suffolk County"
41,2012,5,2793546.30873174,3766552.30592643,1956658.34623516,514462.693651624,356995.068834428,4815532.0289133,194619.768958123,712302.184318624,8759501.0480941,4074733.12078706,7021411.34450575,830298.058136439,"Suffolk County"
42,2012,6,2925892.20276889,3732507.42897201,2065934.43251425,634133.176152583,355889.916268336,4820321.24364915,129705.961967314,684898.209235474,7796861.74505524,3898864.87190716,6250996.39694508,818248.567794235,"Suffolk County"
43,2012,7,2935077.96872646,4004184.11174848,2079443.43161324,607647.552719086,340511.880855676,4809887.81819473,141342.285126884,682772.359764233,7002941.81279469,3113861.67557732,6018873.41809647,794228.382176345,"Suffolk County"
44,2012,8,3017710.92463043,3689870.67067254,2453002.60498267,600376.079174899,342090.159436574,4816715.95113193,156304.047870399,753595.299365986,8314464.43811918,3531035.49379124,7039561.18898439,809209.268520022,"Suffolk County"
45,2012,9,3038471.29191309,4018003.97097702,1960625.46307836,617778.982473187,382990.95708734,4785853.40029384,191115.225585869,724388.279510805,8445066.32090431,3587409.78866256,6071864.70245767,824657.504546227,"Suffolk County"
46,2012,10,2900397.63287451,3912203.73345807,1979518.92292837,592413.71463771,385130.985390447,4792428.38293278,290838.890903395,736245.779409009,9349101.3007897,3977858.3038181,6910099.74529433,832715.386555925,"Suffolk County"
47,2012,11,3051770.45510241,3977557.93960806,2289304.5916901,635444.080987064,389281.537539758,4785403.6522681,224417.141911241,608965.174181147,10632122.962981,3963732.8284666,5176837.95002538,830902.523682829,"Suffolk County"
48,2012,12,3098824.04132762,4452770.22393406,2206283.98682061,743796.861551834,373349.909433365,4788096.27037459,137878.127552907,524587.705084408,10138050.8740708,4416802.95146187,4667821.8436725,797390.656470662,"Suffolk County"
49,2013,1,2768361.99478361,3971955.04619507,1954552.29347415,516706.793520909,385046.702509454,4788803.62203518,195797.051086888,750566.787594726,7061799.47281056,3421301.25914886,6169077.87430891,809003.779017046,"Suffolk County"
50,2013,2,2577930.38814845,3588989.03785483,1823076.24148613,483333.764066532,378897.578473283,4791954.12369293,203141.35417617,729930.575222175,7194788.74152755,3819186.56576042,5744235.59468631,796072.582775805,"Suffolk County"
51,2013,3,2947594.23910219,3742797.05259654,2204419.08356775,538992.020484097,377751.903363228,4754779.14087198,225660.550099947,753827.004600661,8081676.17192234,4130061.70550819,5731906.97275967,799020.171391789,"Suffolk County"
52,2013,4,2739912.94726045,3602605.8065714,2006689.30371332,594631.290219283,369662.823635111,4750163.30371823,248860.729304,770824.701545233,8302903.96214578,3920844.93501338,5759947.03997501,783316.462035485,"Suffolk County"
53,2013,5,2657967.18441715,3360879.59992326,2169885.95067075,601505.781054562,367296.748836609,4756035.98188053,277760.146595346,817059.292156969,9664045.71980828,4190848.40759186,6530747.57857539,785373.688739847,"Suffolk County"
54,2013,6,2705313.54614586,3409615.15587864,2212779.76825553,625177.894067975,367251.686290644,4757846.96335092,261299.292395474,831334.676334789,8321724.03520012,3750917.66099276,5892764.57564823,773349.334425211,"Suffolk County"
55,2013,7,2590287.87415956,3617083.40934616,2043087.11283454,528147.931039721,350698.144635646,4759538.96903878,240125.87191139,936744.27144885,8141265.85786412,3409172.19574245,6693127.40615889,748237.040625803,"Suffolk County"
56,2013,8,2897881.06857929,3487158.09334584,2609074.01799117,586302.686559765,348763.095709328,4748285.84238773,247181.487099882,901662.209892653,7908165.39409947,3516957.07338829,5647483.29039691,740286.443821192,"Suffolk County"
57,2013,9,2861802.74768684,3761542.49846663,2080167.13359979,562998.297897192,383590.523778623,4918044.02596635,337314.216984706,879803.705835495,9138684.83802469,3988110.52313765,5445612.71014903,785802.179491511,"Suffolk County"
58,2013,10,2676767.34031786,3533150.87991164,2320340.58751087,548513.067264352,382617.116393622,4906042.71759388,310583.076312039,963258.425745804,10362995.8425236,4461150.55910197,6122248.10566214,795612.394105015,"Suffolk County"
59,2013,11,2884484.65290479,3562948.67865728,2484406.91356593,585468.180046476,377687.780588098,4908679.83152127,360009.51370974,773131.942091206,11355806.0161535,4492166.86335243,4606848.17757292,778853.109117752,"Suffolk County"
60,2013,12,2840509.17323799,4110481.65673937,2565170.35982679,735133.233533803,360899.613618899,4918384.16215956,302741.34511553,691629.563455628,10864476.5315452,5073381.80023949,4231035.74350362,750603.033103047,"Suffolk County"
61,2014,1,2884135.47376536,3548144.48007764,2193796.81666674,514566.944475291,370301.377840811,4907930.68330774,320072.035037961,993627.006709014,8084116.36062575,3844271.66546794,5822648.40168542,752558.458614847,"Suffolk County"
62,2014,2,2664222.84163089,3313912.72568008,2079633.89511272,439214.802692533,360512.180655988,4919446.37402908,262774.869341632,966946.012778789,7757139.13489979,3264803.18992766,5000325.38902774,744420.236051854,"Suffolk County"
63,2014,3,2952385.44582599,3747180.00072456,2458264.8702521,469001.056465482,396627.771522095,4725986.61677127,336008.410591072,1047542.75111445,8235406.51148126,2974480.42386183,5471095.23545372,760469.011850422,"Suffolk County"
64,2014,4,2597333.3061145,3517429.02202073,2366220.14940006,627432.552647984,378907.124589281,4732554.08387102,356867.193495959,1149747.57820524,8988202.4444102,3485702.78774034,6032706.47632185,740647.773021067,"Suffolk County"
65,2014,5,2757427.77184414,3777378.64578717,2789167.0839095,660479.46300753,387692.821106076,4732503.60132155,430829.787951238,1064855.89807634,10034404.5828047,3021340.43836072,5097377.21470747,745040.675881946,"Suffolk County"
66,2014,6,2727606.75365651,3557233.58869737,2686628.45875243,639466.089115381,380732.455704538,4734036.09741812,429306.665747283,1187919.114901,9386856.93391907,3346440.44471617,5280155.25144494,741350.200491585,"Suffolk County"
67,2014,7,2585699.34855294,3867938.36537229,2554500.13289579,727532.515588364,370612.229387263,4740140.2707352,415063.543293511,1171048.64135825,9126741.21324047,2900130.21650245,5580226.27256382,716602.035337986,"Suffolk County"
68,2014,8,2851343.7563162,3727367.74428505,2986170.63632197,637636.177596752,368427.144800033,4731288.6283552,460079.674440144,1130405.13614873,9271450.78634389,2938115.98341868,4886191.29398705,712650.146491796,"Suffolk County"
69,2014,9,2881939.72204843,3888162.14061699,2795222.36921072,560637.959853759,378990.894666756,4722949.06646683,465824.00696536,1156549.22240642,10136552.1382899,3053881.81163348,4702394.96567057,744461.504833506,"Suffolk County"
70,2014,10,2804390.36384102,3789591.99642909,2759476.41822888,745945.54010435,382444.360246172,4723877.02263979,491388.143017378,1163689.07171113,10294072.0704273,3748910.21036291,5433618.04263114,754111.920752944,"Suffolk County"
71,2014,11,2899131.21858435,3688128.30248272,2838725.32424667,772923.839875812,376854.947562093,4729616.45153951,627990.176317842,958699.605931141,12029538.3573598,4066155.12496905,4132441.68701662,737555.627470251,"Suffolk County"
72,2014,12,2639562.83403908,4155086.5448725,2858711.18197108,909641.525337694,367946.487057112,4723769.88711482,481440.327224127,913024.588853103,10822927.1777257,4410852.77436348,3981282.68387421,726156.079037789,"Suffolk County"
73,2015,1,2897782.74724055,3863324.73416629,2350615.39070898,765788.011968454,377129.45475933,4724993.51646862,369659.881210489,1126067.35000078,7339764.67898317,2939274.37218037,4346006.05618157,746261.988693273,"Suffolk County"
74,2015,2,2433891.99754416,3422186.62988794,2330290.23973016,667633.774824262,387147.127900334,4720152.62253251,383021.483787797,1211562.15581328,7642056.05079818,2966189.33793997,4461343.60216735,743369.052563384,"Suffolk County"
75,2015,3,2831949.63713748,3674293.38349809,2529651.43337012,675691.260374663,384383.861613225,4814818.40685249,541565.786642995,1316939.93109764,8293420.34076701,3496088.43617263,4407868.78198181,753152.87807229,"Suffolk County"
76,2015,4,2687669.13248812,3602446.07326053,2473831.69421104,908986.719502529,385809.590379816,4816299.39178081,471985.516465025,1429397.25263376,8426187.39182656,3737561.02930115,5040893.69763139,747693.756055895,"Suffolk County"
77,2015,5,2878100.02258866,3786460.6061882,2843444.33922412,828145.269560505,390682.598441131,4820774.02305819,672523.031990221,1317719.41519372,9219985.69820335,3553624.62793053,4248283.28439978,755156.201998862,"Suffolk County"
78,2015,6,2666607.85609831,3586947.13022517,2636158.43748368,810352.673215963,379039.267899221,4812605.36576488,610871.513207003,1337834.29351739,8413284.32815989,3535765.00148953,4473510.79100194,745950.682393193,"Suffolk County"
79,2015,7,2822490.3429612,3806952.39261402,2842022.01686418,944410.653077241,369622.552174143,4818616.36924098,487573.293478976,1387620.61884836,8013746.84053957,3179051.10938488,4703631.16582935,709466.477988139,"Suffolk County"
80,2015,8,2978401.47422567,3904084.54076593,3113389.31910838,902539.520866267,367105.835118441,4820248.45513801,561194.668240858,1373634.70356965,8691868.20817319,3182084.22673771,4116653.91474233,702250.062239069,"Suffolk County"
81,2015,9,2672230.71652141,3615014.41398688,2503497.62328581,906794.692449866,459773.450193997,4611218.90141478,681147.446873952,1288325.55151575,9304894.1800252,3521821.59594821,4624112.56111908,745011.451703185,"Suffolk County"
82,2015,10,2849030.05259331,3894586.1275917,3031602.43432607,1062670.34742119,459905.089419467,4606652.69295232,659184.455182192,1159794.41918813,9295058.83838389,3456519.67747165,3737383.29318687,745127.515644945,"Suffolk County"
83,2015,11,2836468.30457614,3704130.98137973,2992238.83979163,829103.644777348,457105.372161988,4599141.78845322,679512.502391498,973892.417549895,10979036.3885577,3819557.28619707,3231708.26816252,746830.711288784,"Suffolk County"
84,2015,12,2701789.11658103,4044741.2731172,2950276.57429471,912782.448994463,446343.800916646,4604126.54276205,502045.45146891,855471.710991487,10707659.7715245,3811859.6266684,2969532.95824797,717667.24337001,"Suffolk County"
85,2016,1,2765006.53869597,3676468.54858058,2471316.99508036,969432.112122964,447963.959461695,4608063.44782504,319650.98963758,1052321.34060062,6574560.04034607,2878566.97119765,3249023.86242025,725761.501352761,"Suffolk County"
86,2016,2,2578827.9878203,3319625.07857616,2336240.35306354,761206.799175909,438239.199730916,4604066.60258643,495750.874196453,1015499.73766431,7691494.21017193,3087218.79181025,2961782.81955557,718901.661694977,"Suffolk County"
87,2016,3,2586061.89507298,3437347.02087751,2429576.88787471,864855.994112527,450803.368054535,4629131.88603009,563516.081740963,999527.128741878,7635619.05758517,3135203.6166051,3537664.15686326,717715.565842081,"Suffolk County"
88,2016,4,2656642.11400743,3483075.5555299,2744644.3096551,963966.028561026,449387.305392625,4627171.25616643,606844.818996224,944663.289526108,7817079.35870785,2653163.4268011,3076625.25778311,717487.653818808,"Suffolk County"
89,2016,5,2435176.46041867,3229294.38911762,2211784.52421544,964511.393153472,439975.734090744,4624892.11232682,702677.835347041,954359.856842691,8353587.80611192,2756898.31253247,2867681.52658775,707029.634487925,"Suffolk County"
90,2016,6,2298431.22012259,3032814.68933326,2227530.47650917,812019.344158553,431516.169525672,4630730.33047352,602756.813198038,879567.605206165,7799664.57578045,2261378.2158095,3029022.98175585,691345.844340023,"Suffolk County"
91,2016,7,2510287.99178554,3230513.62038228,2399847.7804526,892505.285462173,412500.535140291,4625952.51549479,501815.722915985,878123.929809932,6883563.41895649,1990395.96135704,2433267.8582652,660162.468418537,"Suffolk County"
92,2016,8,2295910.79781437,3028449.48821444,2357535.34591604,837412.530778157,419637.385774041,4623706.63131309,635492.25543822,795413.487080216,7814472.37245003,2387160.76959609,2579572.59330113,662345.746758921,"Suffolk County"
93,2016,9,2397025.79513477,3102815.40318748,2333725.83747505,945095.178839097,388277.309628807,4432313.53025652,556460.236793667,751227.374936892,6849783.06232561,2707300.91556937,2226765.50736944,682462.925353555,"Suffolk County"
94,2016,10,2371047.64484169,3159677.48506008,2195124.76180185,884379.237357559,388415.982885288,4431605.22917566,779598.884097487,739826.591719634,7138600.5079294,3506192.11661065,1989504.08810412,677485.271851387,"Suffolk County"
95,2016,11,2055908.47581386,2867554.43759574,2064250.68614283,791620.585794592,386991.579967577,4430324.54705263,589498.696520553,547631.90472336,9516430.69980523,3507398.12076823,1786017.47995111,678145.022166144,"Suffolk County"
96,2016,12,2258715.33300978,3130812.57195276,2565759.02893839,837245.054103538,369142.692374824,4432187.71928341,586967.328679282,461313.909149457,8336668.65375027,2642852.28276666,1168537.69354046,650146.387137724,"Suffolk County"
97,2017,1,1936934.22676953,2969951.9227447,1573947.53190157,694751.763414489,384417.851334546,4432464.81569416,277609.468409372,488865.324927645,4209586.9350072,2323949.40848975,1731090.32050544,697075.752054963,"Suffolk County"
98,2017,2,1729445.0605725,2381299.2919876,1606151.25298405,571445.922766857,369272.50058474,4426124.1738368,312213.19882629,467129.032051309,4342493.01460739,1599332.16611979,1635307.58168664,656540.31037543,"Suffolk County"
99,2017,3,1975342.86014377,2976668.631752,1691359.69990138,650996.753363146,477240.143770466,4214763.98623847,281070.544927317,490658.342100954,5079940.92513412,1774634.06286854,1834981.80902468,720872.971137777,"Suffolk County"
100,2017,4,1985782.45138373,2827272.85056923,1739896.10490762,681794.761735907,424741.86287214,4218626.80185722,401750.869551087,435517.014363036,4547808.26876411,1347001.77173541,1447420.10534138,636372.18995098,"Suffolk County"
101,2017,5,1862186.1615254,2594318.15330922,1769886.10609775,648159.568893962,435022.471401395,4210212.60036082,440856.572754008,418119.962648964,5586287.19666595,1904948.17101937,1598391.31042161,651115.176200708,"Suffolk County"
102,2017,6,1971168.22565024,2751811.80631093,1683523.6295387,743903.823087072,409262.730015527,4218448.88163983,408094.014396477,426623.630124466,4645259.82490307,1837101.82312324,1341251.1703079,614100.067128409,"Suffolk County"
103,2017,7,2007352.93828179,2854112.08348185,1718512.9289605,603247.915981887,386815.718040869,4210264.41975888,370064.030230713,414391.975186075,4587710.63498303,1454369.85648552,1503088.11109954,576582.133206375,"Suffolk County"
104,2017,8,1868491.13202428,2684985.75957112,1637135.29162193,640669.499138342,379563.322301434,4212302.41782843,358387.439225856,459900.774369505,4901232.1356892,1452479.36839366,1539486.63832678,573446.424441829,"Suffolk County"
105,2017,9,1970673.56559742,2639389.4513938,1863297.31824444,698305.966833858,406565.547380708,4264477.45330279,444801.581180271,447532.042328781,5066347.81962799,1663032.66168722,1510579.21079745,610993.953759667,"Suffolk County"
106,2017,10,1926911.45790544,2833691.20099718,1830946.63503553,717825.19351596,400282.609353606,4262086.29242886,419057.490538654,446202.789408834,5013400.06001754,1676188.82022276,1603329.57761559,612913.731655011,"Suffolk County"
107,2017,11,1873620.4795468,2572988.60876392,1757146.46206054,662640.24855903,409166.184838554,4263835.49799883,470810.474551545,405491.166565059,6873838.47374678,2159908.59089586,1575014.43071082,612172.901854783,"Suffolk County"
108,2017,12,2126272.16275197,3301406.23832957,2027813.67468129,900313.844435269,389975.433217054,4264322.62861492,506651.231847768,359014.43495377,6315117.34173675,2627498.18034128,1153141.24492611,586535.006053412,"Suffolk County"
