"id","team","manager","jobTasksSDSA","jobBalanceSDSA","jobPaySDSA","jobRecognitionSDSA","jobAdvancementSDSA","jobCoworkersSDSA","jobManagementSDSA","salary","overallSatisfaction","age"
"W472V","Ethics","X8022Z",7,3,7,7,7,5,4,126460,6.58316295686314,43.7249465960534
"S227N","DSI","V8472W",1,6,3,2,2,7,7,57917.7519590952,4,47.6260695595347
"K503P","Finance","Y4468Y",2,2,4,3,4,3,3,52852,2.26935055136498,49.7234058668832
"J845U","R&D","X8066X",6,3,7,7,7,4,4,98429,6.47632713631615,45.7388240535909
"O834K","Finance","Z7298V",3,3,4,4,4,4,3,45397,3.09705730699926,39.6533633686402
"S167E","R&D","Z2464Y",2,3,3,4,3,4,5,171648,4.47857787782162,44.9552837805169
"M198N","R&D","X3607X",7,4,7,7,7,5,6,53330,5.6069914626185,52.7787929736365
"E201S","R&D","X3607X",3,6,4,3,4,7,7,145440,6.04594291770281,39.70812266847
"F945P","Finance","Y9641W",4,5,5,5,6,7,6,71567,5.72461391326331,47.9834458204778
"J920O","DSI","I511L",2,7,3,3,3,7,5,59541.6969461341,4.28571428571429,43.9400154321412
"F604E","Finance","Z7298V",2,3,3,3,4,5,5,107938,4.4879050130817,49.5625567945749
"Z508S","R&D","Z2464Y",3,5,3,4,5,6,7,103943,6.04615262944042,51.327065029239
"O649Q","R&D","V4497X",4,2,5,6,5,4,3,53714,3.64632573866143,43.3438451379353
"D918A","Ethics","W7742X",1,4,2,4,1,6,5,52395,2.6942915965365,35.7856493489046
"X269R","Finance","Z7298V",1,3,2,2,4,4,4,54730,2.43998979225838,47.056829837186
"P298G","R&D","V4497X",5,5,6,6,6,7,6,92393,6.78029632198878,48.0628341272604
"Q920T","DSI","V8472W",4,5,5,6,6,7,6,64813.2880738405,5.57142857142857,43.4941311907247
"W572C","Finance","X7645X",2,1,3,5,4,3,2,56320,2.85714285714286,43.1655797541522
"O699Q","Finance","Y7685W",6,6,7,7,7,7,7,55078,6.71428571428571,50.3082340325398
"K944D","Finance","Y4468Y",2,1,3,4,4,3,3,52338,2.36692819330074,47.3710666079829
"Q312G","Ethics","W7742X",7,3,7,7,7,5,4,64981,5.71428571428571,44.4741341906476
"O731D","Finance","Y9641W",3,7,5,5,5,7,7,127198,6.44844316125391,49.3584659905807
"O544V","Finance","Y9641W",5,4,6,7,6,5,6,47630,5.108500743387,55.6241937432368
"U271G","Finance","Y9641W",1,5,2,3,2,7,7,53711,3.20268982869548,48.8141359908858
"D612F","Ethics","W2205Z",1,4,3,3,3,5,6,149939,4.48787123628522,45.5616059803357
"A392M","R&D","X8066X",1,4,3,3,3,6,6,48431,3.13977480458669,41.2487854952539
"M452T","R&D","Z2464Y",2,7,3,3,4,7,7,74136,5.16396733363057,41.6613373609549
"F850G","Ethics","X8022Z",7,2,7,7,7,4,4,46336,4.86846995128023,46.519660216019
"F448U","R&D","V4497X",5,2,7,7,7,4,3,54901,4.46810863237181,55.1503053681535
"R113O","R&D","X3607X",5,1,7,6,7,4,2,98771,5.65287688188211,41.0129864071094
"Z239I","R&D","Y3553W",5,4,6,7,7,6,6,140545,6.85456397789557,54.6095038374125
"H885W","Ethics","W2205Z",2,4,4,4,3,6,6,52082,3.43890440155613,35.2976127172542
"I242N","R&D","V4497X",3,4,5,4,5,6,5,57987,4.57142857142857,45.8959375911667
"Z380H","Finance","Y4468Y",2,2,4,4,4,4,3,166688,4.38119400703563,46.0775691024658
"Q624A","Finance","Y9641W",1,6,3,2,2,7,7,55701,4,39.4911817902657
"I473H","R&D","X3607X",4,5,5,5,6,7,7,56434,5.57142857142857,42.2475045869068
"L279F","R&D","X8066X",6,1,7,7,6,3,3,52514,4.30323378335013,44.8718537299224
"I449L","R&D","V4497X",2,3,3,3,3,4,5,91790,4.3980706114551,47.7129728239705
"L539X","Ethics","W2205Z",3,5,4,4,5,6,7,64355,4.85714285714286,43.4322754410086
"U339N","R&D","X8066X",4,7,5,6,6,7,7,69519,6.61360383423592,49.0370818699134
"X368K","Ethics","W2205Z",3,3,5,4,4,5,4,116693,5.19743466981398,46.2334599999023
"H639N","R&D","Z2464Y",3,3,4,5,4,6,5,135329,5.28472369568368,48.697645856089
"O533O","R&D","Z2464Y",3,6,4,4,4,7,7,57085,5,54.8332110628747
"T921J","DSI","V8472W",3,4,5,4,4,5,5,64682.6745731932,4.28571428571429,39.1262336536492
"O485G","Finance","Y4468Y",4,3,5,5,5,3,4,54226,3.55527861356322,40.3848866121431
"L722Q","R&D","Z2464Y",1,7,3,3,2,7,7,82416,5.38274810001711,45.6041179393694
"P929M","Finance","X7645X",3,2,5,4,4,3,4,48230,2.90071022445581,42.121869522133
"N916L","R&D","Y3553W",1,7,2,3,2,7,7,140442,4.9281271249216,38.6972968227361
"C849Z","Ethics","X8022Z",1,2,2,2,2,3,3,49866,1.72430136239188,45.2496543558018
"R572E","Ethics","X8022Z",2,6,2,4,4,7,7,54287,4.08039095388274,46.0746463835106
"L795Y","R&D","X8066X",7,2,7,7,7,3,4,93246,6.23926301574333,42.5235187513164
"S465Z","Finance","X7645X",1,3,2,2,3,5,5,71907,3.39879979773312,40.0033656983846
"N348W","Finance","Y7685W",5,5,6,6,7,6,6,47060,5.26749848309151,38.2198510127383
"A795V","Ethics","W7742X",1,3,3,3,3,5,4,49482,2.55260335787736,45.1435530902475
"T304L","R&D","Z2464Y",7,4,7,7,7,5,6,59873,6.14285714285714,44.7450355994298
"C589K","R&D","Z2464Y",7,2,7,7,7,4,4,74679,5.78941862185706,41.9604072066105
"X339G","Health","W8102W",7,7,7,7,7,7,7,106435,7,46.2816289949493
"T303M","Health","W8102W",3,6,5,4,5,7,7,54887,4.81174642970678,40.8191039985518
"J537A","R&D","X3607X",3,7,4,5,5,7,7,78309,5.42857142857143,44.185842447082
"M657E","R&D","X8066X",1,3,2,2,2,4,4,154814,3.86534340426967,36.8583550091503
"R677K","Finance","X7645X",6,6,7,7,7,7,7,79322,6.71428571428571,49.0165502931477
"B676X","Health","Z4101Z",2,1,3,3,4,3,3,58969,2.71428571428571,42.6753987874466
"Z986B","Health","W8102W",1,7,2,3,3,7,7,55366,4.28571428571429,33.4419046162656
"L225L","R&D","Z2464Y",3,5,4,5,4,6,6,76634,5.01041399420748,39.5882868332682
"P424T","Finance","Y4468Y",4,4,5,6,5,5,5,75576,5.55040432321793,50.5681608491847
"N942N","Finance","X7645X",6,7,7,7,7,7,7,58586,6.85714285714286,52.1442314661084
"Z498C","R&D","Y3553W",3,3,5,5,5,4,4,49603,3.4886986131042,36.5450170039895
"K497Y","R&D","V4497X",1,3,3,2,2,5,5,54898,2.59863433451237,35.4726930923894
"F509O","R&D","Y3553W",7,1,7,7,7,3,2,104184,5.83851805842954,39.8414892198733
"F903C","R&D","Z2464Y",6,2,7,7,7,4,4,47577,4.6501670630947,48.8749672517345
"R443N","R&D","V4497X",2,1,3,4,3,2,3,102579,3.5454391677621,39.0127441683892
"R819G","DSI","V8472W",7,7,7,7,7,7,7,76425.1710527028,7,39.0120047688972
"S875A","Finance","Y4468Y",1,6,3,2,2,7,7,57320,4,36.3589194564654
"K218A","R&D","Z2464Y",4,3,6,6,5,5,5,76271,5.44023476671165,54.4769728035807
"Y135Q","Finance","Y9641W",2,5,3,4,3,7,7,75704,4.73928426312165,48.5818425028395
"Z537H","Finance","Z7298V",2,3,3,4,3,5,4,67318,3.86947493905253,45.9097274993407
"Y108S","Finance","X7645X",7,7,7,7,7,7,7,69223,7,45.9894495482815
"Y318H","Ethics","W2205Z",4,5,6,6,5,7,6,58908,5.57142857142857,37.7583322678336
"L890B","Finance","Y7685W",2,7,4,4,4,7,7,131115,5.96434442438583,44.732226462404
"C452T","R&D","Z2464Y",6,6,7,7,7,7,7,45532,6.07933931048241,40.8795524242836
"U504M","Finance","Y9641W",7,3,7,7,7,3,6,52815,5.40628421588401,45.0419552343151
"S268J","Finance","Y9641W",2,5,4,3,4,7,7,54120,4.12068645856873,46.5957443323479
"U356H","Finance","X7645X",1,1,3,2,3,3,2,53075,1.49900167298569,32.842280242071
"P845Y","Finance","Z7298V",3,5,5,4,4,6,6,133368,5.71022761447197,46.2080353988773
"U139S","DSI","V8472W",7,4,7,7,7,5,6,63235.3321264408,6.14285714285714,40.0711676074314
"R368W","Ethics","X8022Z",1,1,3,2,3,2,3,51679,1.66543605045439,50.9867018272045
"S722T","R&D","Z2464Y",3,3,5,5,5,4,4,130101,4.96275529159291,45.0641680372044
"Y370X","R&D","Z2464Y",4,6,6,6,6,7,7,58351,6,43.3272937644293
"P572X","Finance","Y7685W",4,4,5,5,6,5,6,77261,5,40.7165154903798
"A526I","Health","Z4101Z",7,7,7,7,7,7,7,100713,7,44.9011424666705
"V161Q","R&D","Z2464Y",3,6,5,5,4,7,7,66904,5.87179027797051,41.8973294001193
"T828Q","Ethics","W7742X",4,5,5,6,7,6,7,57855,5.71428571428571,50.3132102422863
"M377C","Ethics","W7742X",1,4,2,3,2,6,6,84361,4.43266449857056,43.4629193642704
"U582H","R&D","X8066X",3,4,4,4,5,6,5,45473,3.87874030449315,35.3705664628795
"Q633I","Health","W8102W",6,7,7,7,7,7,7,45819,6.38002901250972,44.0415938828348
"A129A","R&D","Z2464Y",5,3,6,7,7,4,5,49550,4.72910563238119,56.7861691842288
"S408M","Finance","Y4468Y",3,7,4,4,4,7,7,87103,6.25453802679679,47.5587361660643
"U109X","Finance","X7645X",2,6,4,3,3,7,7,79265,4.57142857142857,48.3918317380285
"J940X","Health","V7487V",3,3,4,4,5,4,4,72987,4.26661378814698,42.2735682473718
"R419J","DSI","V8472W",4,1,5,6,6,1,2,70851.0232868268,4.08842131383257,37.9532014736969
"Q876B","Health","W8102W",3,3,4,5,5,4,5,49679,3.73273926562008,46.7949853320357
"S529J","R&D","V4497X",5,7,6,7,6,7,7,46769,5.85147457829197,42.8837865389495
"I183O","Finance","Y4468Y",3,1,5,5,4,3,2,75077,3.78251050350964,44.3951919887997
"M591N","Health","W8102W",6,1,7,7,7,2,3,53024,4.27513615775087,45.5884765320208
"A541O","R&D","V4497X",4,5,5,5,7,7,6,82062,6.46391663724946,46.2136016201561
"B352U","R&D","V4497X",2,1,3,4,3,3,2,74281,3.24040702279197,46.9883016489709
"L931O","Ethics","W2205Z",7,4,7,7,7,6,5,71123,6.57617482913783,43.123023992006
"J449Z","Finance","Z7298V",1,5,2,3,2,7,7,71249,4.35325218677932,42.8077678703976
"X166F","Finance","X7645X",7,3,7,7,7,6,4,57585,5.85714285714286,49.5461956293375
"V280V","Finance","Y7685W",1,2,2,3,2,3,3,46489,1.81341043668707,52.8436538019428
"S194X","R&D","V4497X",2,4,4,4,3,6,5,50834,3.54835589214671,34.2540372187723
"Q826Y","Health","W8102W",4,5,7,6,6,6,6,53749,4.81440702438493,37.2686630497993
"V247T","R&D","Y3553W",7,7,7,7,7,7,7,126940,7,47.0655330886372
"A806M","Health","Z4101Z",7,3,7,7,7,5,4,58486,5.71428571428571,50.245211175767
"Y610A","R&D","V4497X",3,6,4,4,5,7,7,53427,4.83183036320491,54.4185616953464
"F427Y","R&D","V4497X",6,7,7,7,7,7,7,59819,6.85714285714286,36.8994884232122
"V177L","Finance","Z7298V",5,1,6,5,7,3,3,82002,5.28489259525668,48.4065493971706
"G363J","Finance","X7645X",7,7,7,7,7,7,7,56185,7,37.3380345061232
"U419X","Finance","Y4468Y",4,7,5,6,5,7,7,66812,6.29197040247179,46.068302955582
"G458M","R&D","Y3553W",6,1,7,7,7,2,3,45399,4.24888480431963,49.0621388290212
"T332V","R&D","X8066X",7,7,7,7,7,7,7,124133,7,47.281608476926
"S928X","Finance","Z7298V",7,7,7,7,7,7,7,94155,7,57.3682452153622
"M744E","Finance","X7645X",3,4,4,5,3,6,5,78364,4.28571428571429,42.9691262753572
"W641V","Health","W8102W",4,6,5,6,6,7,7,56332,5.85714285714286,33.6522139338279
"P451J","Finance","Y7685W",7,7,7,7,7,7,7,102572,7,44.4684389467706
"B441E","Ethics","W2205Z",7,2,7,7,7,3,3,47427,4.66779735897813,45.115045331547
"M489I","R&D","X3607X",3,3,4,4,5,4,4,50289,3.40241344969413,52.6408265586354
"S125R","Finance","X7645X",1,4,3,4,3,5,4,53679,3.11180354256577,49.1660238862053
"P592S","Finance","X7645X",1,6,4,3,2,7,7,62030,4.28571428571429,49.8461829636845
"K572X","R&D","Z2464Y",3,7,4,4,4,7,7,104458,6.28445638174737,48.543249776926
"J296K","Health","V7487V",1,2,2,2,3,4,3,80080,3.55242840539758,46.6538676638717
"T127O","Health","W8102W",5,3,7,6,7,4,4,51403,4.56160831231472,41.4220473206768
"X362O","Finance","X7645X",2,2,3,4,3,3,3,53760,2.38884274416148,48.7462608122133
"Q654U","Health","W8102W",6,6,7,7,7,7,7,47303,6.14828069442822,39.7870203953664
"G814L","Ethics","W7742X",5,2,6,6,7,4,4,123022,5.84545216753273,36.8656432662061
"Z905K","Finance","Y4468Y",4,4,6,5,5,6,5,53372,4.38107040504555,41.8445518800126
"Z459G","Finance","X7645X",3,4,5,6,4,4,5,73507,5.13835451571275,46.9465700394758
"B328L","R&D","X3607X",3,5,5,5,5,7,6,46768,4.70124563578823,47.179609768744
"X953B","R&D","V4497X",7,1,7,7,7,2,3,58659,4.85714285714286,46.5332438073919
"U762Z","R&D","Z2464Y",5,5,7,7,7,6,6,45002,5.70828512506561,44.0711143530518
"U611F","R&D","Z2464Y",2,7,4,4,4,7,7,48622,4.41280807495878,48.7326251857162
"R178Q","R&D","Z2464Y",7,2,7,7,7,3,3,80323,6.12118108280043,40.8037287121533
"C211B","R&D","V4497X",3,2,5,5,5,2,4,69011,4.09422345249632,45.9874462442
"Y617M","R&D","X8066X",7,7,7,7,7,7,7,76401,7,35.4205574025929
"M538U","R&D","Y3553W",2,2,3,3,3,4,3,83641,3.76566649391894,38.7127704149615
"X920H","Health","Z4101Z",3,1,5,5,5,3,2,51247,3.02039954222815,54.7135598159457
"G853V","Ethics","W7742X",7,3,7,7,7,4,4,144249,6.53861972020167,37.9169750615369
"E940H","Finance","Z7298V",4,5,6,6,6,7,6,59661,5.71428571428571,43.4573925904058
"L276H","Finance","Y4468Y",7,7,7,7,7,7,7,99923,7,41.9195999381049
"J207A","Ethics","W2205Z",3,4,5,4,5,5,5,121745,5.42988492001569,46.4702122569289
"O521Q","Finance","Y7685W",6,1,7,7,7,3,2,58156,4.71428571428571,49.8273561359654
"Q834C","Finance","Z7298V",6,3,7,7,7,5,4,136184,6.60527231917709,43.3593180924419
"J518S","Finance","Z7298V",7,7,7,7,7,7,7,47993,6.3716985451642,42.2641628387593
"R167I","Ethics","X8022Z",7,7,7,7,7,7,7,119300,7,54.0470160052636
"M440F","Finance","Y7685W",2,6,4,4,3,7,7,46962,4.26293229368254,52.93214467429
"P482K","R&D","X8066X",3,5,4,4,5,7,6,53234,4.3490160872986,52.3458439229354
"B119R","Finance","Y4468Y",1,1,3,3,3,2,2,66687,2.74466643572152,58.5687929024545
"L266N","Finance","X7645X",7,7,7,7,7,7,7,67721,7,46.4048685464103
"S654I","Finance","Y9641W",3,5,5,4,5,7,6,85269,5.88313625302633,46.7908623085099
"H841K","Ethics","X8022Z",7,7,7,7,7,7,7,143919,7,48.6970307645284
"H937T","R&D","X8066X",5,3,6,7,6,4,5,61539,5.14285714285714,42.8304575446095
"F714L","R&D","X3607X",7,7,7,7,7,7,7,119536,7,45.7105009922702
"S796P","Ethics","W7742X",1,2,2,3,2,4,3,139622,3.237769068584,40.5996607933542
"X390Y","Health","Z4101Z",1,7,2,3,3,7,7,76557,4.82464619424727,44.9715459115349
"X681F","Ethics","W7742X",7,3,7,7,7,4,5,61151,5.71428571428571,34.4651827730005
"K941W","Health","W8102W",2,2,4,5,3,3,3,53093,2.67072388575036,38.1939498098179
"I570V","Health","V7487V",6,4,7,7,7,5,6,46226,5.51411987644621,44.5452677311787
"M877R","R&D","Y3553W",6,1,7,7,7,2,3,93644,5.61175269432384,41.6579656763467
"N629F","Finance","X7645X",5,5,7,6,7,6,7,78492,6.14285714285714,40.9762967662596
"D931Z","Ethics","W7742X",1,6,2,2,3,7,7,57711,4,42.4619545195456
"F640K","Ethics","X8022Z",6,4,7,7,7,6,6,49146,5.77443000032957,46.5873524086946
"J853A","R&D","Z2464Y",2,1,4,4,4,3,2,63051,2.85714285714286,45.1913989447531
"B149R","Ethics","W7742X",7,7,7,7,7,7,7,69926,7,42.9680891899658
"Z173Z","Health","Z4101Z",7,7,7,7,7,7,7,81660,7,44.836202139982
"C511N","Finance","Y9641W",4,1,5,5,5,2,2,57409,3.42857142857143,41.7169610527377
"Q718W","Ethics","W2205Z",2,3,4,4,3,5,5,77845,3.71428571428571,46.8615346549653
"V489Z","R&D","X3607X",7,2,7,7,7,3,3,46366,4.555997499316,44.6110531372829
"J688C","Health","V7487V",7,2,7,7,7,3,3,58777,5.14285714285714,49.7959889235338
"F509E","Health","Z4101Z",3,5,5,4,4,7,5,57410,4.71428571428571,31.9954434657266
"N803J","Ethics","X8022Z",1,2,3,2,3,3,3,94986,3.41181180177917,42.1015746411382
"V271J","DSI","V8472W",7,5,7,7,7,6,7,72541.8062083964,6.9401607371306,39.7943467584566
"B745I","Ethics","W7742X",6,5,7,7,7,7,6,74910,6.94295757585025,45.5113227369928
"H894T","DSI","V8472W",1,5,3,3,2,6,7,85044.9824051445,4.84319098653156,53.891088646067
"O930E","Finance","X7645X",2,2,3,4,4,3,4,144121,4.11654230676952,43.183283884342
"K460D","Finance","Y9641W",3,3,4,5,5,5,5,48911,3.69491210125266,42.9313275864584
"P139P","DSI","V8472W",7,7,7,7,7,7,7,87890.7811445501,7,39.4385759533157
"M734T","Finance","Y4468Y",6,2,7,7,7,4,4,77815,5.28571428571429,47.1398156301479
"K127L","Health","V7487V",7,7,7,7,7,7,7,89527,7,42.8873114020601
"G250P","R&D","X3607X",2,5,3,3,3,6,6,75444,4.40899026804391,42.7737515540489
"P558D","Finance","Y4468Y",1,1,3,2,2,2,3,51348,1.637473994972,47.4795401221237
"P604S","Health","Z4101Z",1,4,3,1,3,5,6,54477,2.85833498013,37.1484005082647
"O439N","R&D","V4497X",7,7,7,7,7,7,7,104894,7,49.2630151637431
"J497F","R&D","X8066X",3,7,4,4,5,7,7,59520,5.28571428571429,37.3335889044769
"I567I","Finance","Y4468Y",3,1,4,5,5,2,2,57632,3.14285714285714,47.6119035241945
"H297V","Finance","Y9641W",7,5,7,7,7,6,7,47936,6.09509903758081,47.5765228124809
"D459M","R&D","Y3553W",6,7,7,7,7,7,7,53065,6.29466681972506,47.0367427155503
"L628L","R&D","X8066X",4,2,6,6,5,4,3,50968,3.80902669481164,48.6102037370848
"Z411R","R&D","X3607X",2,2,4,3,3,3,4,66141,3.58324515815317,54.1200220879498
"D349B","Health","W8102W",3,1,5,5,4,1,4,81010,4.33137374776444,43.17837800659
"E163N","Health","V7487V",1,3,3,3,2,5,4,55962,3,37.2631443179915
"N779C","R&D","V4497X",7,4,7,7,7,6,5,51632,5.70979993468217,39.5240487500323
"L977R","Finance","Y4468Y",1,4,3,3,2,5,6,72837,3.95026772388154,41.4740538276617
"B224K","DSI","V8472W",3,4,5,5,5,6,5,87490.1560131466,5.76853279244444,39.1506394859047
"A526N","Finance","Y9641W",2,6,3,4,4,7,7,77598,4.71428571428571,43.4854404448556
"I616E","Ethics","W7742X",2,4,5,4,4,5,6,57438,4.28571428571429,44.5765686811988
"B626S","Finance","Z7298V",4,1,5,5,6,3,3,59111,3.85714285714286,52.3088913132016
"M414F","R&D","X3607X",2,3,4,4,2,4,5,81108,4.35114634989178,42.9432883925188
"K335F","Finance","Y4468Y",3,3,5,4,5,5,4,144501,5.09784314729555,43.053720231441
"P487L","Finance","X7645X",4,4,5,5,6,5,5,59796,4.85714285714286,35.6859512393254
"O835S","Finance","X7645X",7,7,7,7,7,7,7,135701,7,43.9985060323873
"I413V","Ethics","W7742X",1,4,2,2,3,5,5,130406,4.17211323608195,48.0120399320897
"J144O","Finance","Y4468Y",7,7,7,7,7,7,7,80343,7,45.3106390552801
"F464O","R&D","Y3553W",7,5,7,7,7,7,7,59289,6.71428571428571,38.2645419984556
"T856G","R&D","X3607X",1,5,2,3,3,7,7,45983,3.3322100864879,45.7345907621995
"N245J","Ethics","W7742X",5,2,6,6,7,3,4,132590,5.53790722929059,57.6482699711737
"S229P","DSI","V8472W",7,7,7,7,7,7,7,159384.771776514,7,53.1893718919375
"K686G","Finance","Y9641W",7,3,7,7,7,5,4,48889,5.2919864609631,55.8661047391288
"T292I","Health","Z4101Z",7,3,7,7,7,4,5,59136,5.71428571428571,46.0430602866856
"G879Q","R&D","V4497X",4,7,5,5,6,7,7,70556,6.15810887052279,38.4230881000167
"T404R","Finance","Z7298V",7,7,7,7,7,7,7,123304,7,47.4692898960754
"U428R","R&D","Z2464Y",3,1,4,4,6,2,3,49877,2.82597833546729,46.032914285136
"P224G","Finance","Z7298V",2,4,5,3,3,6,5,129543,5.1594820612922,42.8131779820217
"P177M","Health","V7487V",1,4,3,2,3,5,6,57814,3.42857142857143,47.6955663803131
"K156V","R&D","X3607X",1,5,2,2,2,6,6,93196,4.47230525846503,45.5076087188336
"F248Z","Finance","Y4468Y",1,4,2,2,2,6,6,58317,3.28571428571429,53.0617021650002
"D562E","Finance","Y9641W",4,1,5,5,5,3,2,53461,3.04758082985021,49.383182542227
"Y892J","Finance","Z7298V",2,6,3,4,4,7,7,79401,4.71428571428571,56.3316977766699
"E737K","R&D","V4497X",2,3,4,4,3,5,4,46500,3.05441731091541,46.2899356462988
"E191U","R&D","V4497X",3,3,4,5,5,5,4,55797,4.14285714285714,44.337339064561
"P990K","Health","Z4101Z",7,1,7,7,7,2,3,53531,4.36246214040344,51.7390996036067
"W784L","R&D","V4497X",1,4,2,3,2,6,6,48674,2.80020273335943,46.2750186883363
"Q493B","R&D","Y3553W",7,7,7,7,7,7,7,144736,7,37.294220512007
"C810P","R&D","X3607X",4,6,7,5,6,7,7,58630,6,44.9642118610684
"L345X","Ethics","W7742X",1,6,2,3,2,7,7,65239,4,45.217543699198
"V230Z","R&D","Z2464Y",3,3,4,5,4,4,4,147343,4.87899916224073,43.9225989146635
"T867O","Finance","Y9641W",3,5,5,5,5,7,7,76814,5.7749098129631,49.8646215016635
"C747S","Health","V7487V",4,6,5,5,5,7,7,81437,6.69016271795603,36.8114413109166
"S957P","R&D","Y3553W",7,7,7,7,7,7,7,127436,7,47.4399199563551
"A312K","Health","V7487V",5,5,6,7,6,6,6,77751,5.85714285714286,40.2317228044116
"F513T","Finance","Z7298V",4,2,5,6,6,3,3,96842,5.03903734671324,46.3363967228637
"D761O","Ethics","W7742X",1,6,2,3,2,7,7,72554,4.43144478266127,45.1420039835083
"I805J","Health","V7487V",4,6,6,6,5,7,7,97146,6.8118502619487,49.3079634972929
"Z981F","Finance","X7645X",6,3,7,7,7,5,4,45778,5.013048302903,53.3342793654269
"R501Z","Finance","Z7298V",5,4,6,6,7,5,5,55622,5.42857142857143,46.4315201604953
"M142Y","Finance","Z7298V",6,6,7,7,7,7,7,58655,6.71428571428571,53.9543003513237
"X331O","Finance","X7645X",4,3,6,6,6,5,5,71484,5.43486990149989,42.3768493569986
"O192I","R&D","X3607X",7,7,7,7,7,7,7,114054,7,51.1741631118858
"X298J","R&D","Z2464Y",3,5,4,4,5,7,6,76366,5.1806449107901,51.2527380677881
"M319J","R&D","X8066X",2,4,4,3,3,4,6,55377,3.71428571428571,44.0716188233347
"B427N","DSI","I511L",7,7,7,7,7,7,7,111337.47360818,7,54.9332809999824
"Q353M","Finance","Y7685W",3,1,5,5,5,2,3,75129,3.93841174431149,45.7503994359219
"X276S","R&D","V4497X",6,1,7,6,7,2,3,69699,5.0707947340838,46.0030521939606
"L458P","R&D","V4497X",2,7,4,4,3,7,7,71769,5.34340277313322,45.5312456833251
"N779J","R&D","Y3553W",6,3,7,7,7,4,5,118095,6.7448887529536,46.9547455225189
"Y919L","Finance","Y7685W",7,7,7,7,7,7,7,99786,7,40.5342167533668
"C501E","Ethics","X8022Z",4,6,4,5,5,7,7,75572,5.92945253732544,40.7913213934674
"B633Y","DSI","V8472W",5,4,6,6,6,6,5,54939.5528124193,5.19742902753074,41.3937846514377
"I674N","Finance","Y4468Y",2,2,3,3,4,3,4,48969,2.58062741391143,49.1983070587745
"Q943Z","R&D","X3607X",7,5,7,7,7,6,7,77016,6.57142857142857,38.6997813942984
"R250U","R&D","Y3553W",3,5,4,5,4,6,7,74237,5.46387044063486,50.4242187236953
"O231K","Health","V7487V",7,2,7,7,7,3,3,53922,4.6519232672559,46.5222135244718
"P914P","Health","V7487V",5,3,7,6,6,5,4,45147,4.69716762611482,37.9005150390309
"G790U","R&D","X8066X",3,7,5,4,4,7,7,50784,4.57777942925972,45.5734984245756
"J710Q","Finance","Y9641W",1,2,2,2,3,4,3,47423,1.81579651322823,43.0020306815282
"G568U","R&D","Y3553W",5,5,7,7,7,6,6,46494,5.59037339914174,48.384401616571
"Z620A","R&D","V4497X",2,2,3,4,4,3,3,71011,3.54463647966772,38.9071524639346
"Q784D","Finance","Y7685W",1,1,2,3,3,2,3,77743,2.14285714285714,47.0704327063509
"J473H","R&D","X8066X",1,3,3,2,2,5,5,76813,3.52392166534653,52.9514676525672
"U945A","R&D","X3607X",7,7,7,7,7,7,7,57149,7,41.5766186576536
"Y447L","Ethics","W2205Z",5,7,6,7,7,7,7,48218,6.0520989915871,37.3102011950135
"V954E","Finance","Y7685W",4,5,5,4,5,6,7,78293,5.14285714285714,44.0821959557805
"I809W","Ethics","W2205Z",2,4,3,3,3,7,6,59297,4,45.2182541029075
"H366G","Ethics","W7742X",2,4,3,3,3,6,5,53327,3.07630716344278,41.8107366812503
"Q396I","Health","W8102W",2,6,4,4,3,7,7,135850,5.79807186419109,48.6265454926785
"B919P","R&D","X3607X",4,2,6,6,5,3,4,125887,5.20589606134571,49.7825157110069
"U327J","Finance","X7645X",4,5,6,6,5,6,6,107643,6.48349828069114,43.8443745311785
"U850P","Health","V7487V",4,1,6,6,5,2,2,51411,3.18818468111046,38.2051787021943
"T475D","R&D","X3607X",2,4,4,3,3,5,5,50995,3.13419377299841,45.2548178195204
"U570S","R&D","X8066X",3,4,4,5,5,5,6,101786,5.41204549333026,40.6427689450343
"L852C","DSI","V8472W",1,1,4,2,3,2,2,57441.1924331023,2.14285714285714,51.3424105667097
"O226F","R&D","X3607X",2,4,3,3,4,6,5,48782,3.49398953250048,46.5466326773285
"M561Q","R&D","V4497X",1,5,2,2,3,7,7,54544,3.45870975861109,53.0794497157718
"P362M","Finance","Y7685W",3,3,5,5,3,5,5,68688,4.65719252209184,45.2986728912027
"A810A","R&D","Y3553W",1,1,2,2,3,2,2,59554,1.85714285714286,53.2565490343998
"S282T","Health","W8102W",7,7,7,7,7,7,7,157918,7,40.4575692396893
"N696T","R&D","X3607X",5,7,7,7,6,7,7,51498,5.91406830996199,51.8312880588811
"F165L","Finance","X7645X",2,6,3,4,3,7,7,105049,5.51055094744503,41.3097281139168
"W404G","Finance","Y4468Y",5,2,6,7,6,3,5,46494,4.26484447302524,55.4302238670377
"G972U","R&D","X3607X",6,2,7,7,7,3,3,54750,4.72240662259535,52.2062748449244
"V940M","R&D","Z2464Y",6,1,7,7,7,2,3,133779,5.69488830394367,41.0233546636974
"C866T","Ethics","W2205Z",2,3,4,3,3,4,5,61109,3.42857142857143,45.7613967693153
"M232Q","R&D","X8066X",7,3,7,7,7,4,4,99291,6.51973369026223,53.37028793183
"P862O","Ethics","X8022Z",7,1,7,7,7,3,3,79767,5,42.1078556877967
"T275Y","Finance","Y4468Y",6,3,7,7,7,5,5,68912,6.35987327087655,46.1047733693696
"Z210P","Health","W8102W",7,7,7,7,7,7,7,70467,7,52.503110664756
"V535Q","R&D","V4497X",6,1,7,7,7,2,3,47868,4.19297769645335,46.774743988323
"L881X","Finance","X7645X",2,3,3,4,3,4,5,80899,4.53266094173588,50.1999263903456
"R942M","R&D","V4497X",4,3,5,5,5,5,5,48358,3.99007625664275,41.6339885013639
"J389D","Ethics","X8022Z",4,5,5,6,5,7,6,50553,4.82078700534212,37.3548342900345
"P578T","R&D","X8066X",6,2,7,7,7,3,3,50187,4.48804301088729,39.250397509752
"V881H","R&D","V4497X",2,2,4,3,4,3,4,69417,3.67424409612385,45.1381107915129
"F423C","Health","W8102W",7,7,7,7,7,7,7,90492,7,44.7893133042415
"S764T","Ethics","W2205Z",1,4,3,2,3,5,5,69936,3.97077601988943,41.0545839600646
"A805C","Finance","Y7685W",2,2,3,4,4,3,3,138625,4.06400835665875,48.3454407635145
"D485W","R&D","Y3553W",4,7,6,6,5,7,7,52910,5.63756824834332,51.4725271975317
"A757X","R&D","X3607X",3,1,4,5,5,3,3,115375,4.48275891355067,48.1283437504459
"Z614X","Health","V7487V",5,2,7,6,6,3,3,54831,4.07931519989709,46.2537724786929
"W639Y","Finance","Y4468Y",1,6,2,2,2,7,7,134909,4.82511742113857,37.2337302671266
"J217M","Finance","Y9641W",6,3,7,7,7,5,4,53870,4.91288745298741,50.8355273942912
"N801C","Health","W8102W",5,6,6,7,7,7,7,53745,6.01703627335707,49.8357189675789
"U477C","Finance","Y9641W",5,5,6,7,6,6,6,50162,5.248013340256,43.3521209214687
"R676H","Finance","Y7685W",6,7,7,7,7,7,7,57532,6.85714285714286,41.9434697062572
"N580M","Ethics","X8022Z",7,2,7,7,7,5,3,127793,6.32002313290333,45.3868315757199
"I365O","Finance","Y4468Y",7,4,7,7,7,5,6,56638,6.14285714285714,34.2637188366008
"P262X","Health","W8102W",5,4,7,7,6,5,5,45632,5.01091297450964,37.1397709116248
"A564Y","Health","V7487V",3,7,5,5,4,7,7,53418,4.88274143387167,47.8195375979722
"M145H","Finance","Y7685W",3,7,5,5,5,7,7,50583,4.98022692490741,39.4469551455033
"Z461P","Health","V7487V",5,2,6,5,7,4,3,46557,4.13639420204214,45.8914380704965
"D304N","Finance","Z7298V",7,7,7,7,7,7,7,144211,7,49.6922849224259
"A412R","Finance","Z7298V",6,7,7,7,7,7,7,53807,6.56900766963029,44.0653607515361
"G617J","Health","W8102W",7,1,7,7,7,3,3,149250,6.02457026808516,38.7771355666045
"B456O","Ethics","W2205Z",6,2,7,7,7,4,4,55888,5.28571428571429,46.1203837740813
"K405A","R&D","Y3553W",7,7,7,7,7,7,7,124759,7,45.5350918860147
"J595A","Health","Z4101Z",1,5,2,2,2,5,6,101965,4.33022404445552,42.3131313415938
"F982F","Finance","Y9641W",3,4,4,5,5,5,5,71919,5.01823510818619,44.3974528340885
"J526I","R&D","Y3553W",4,7,5,6,7,7,7,53181,5.63373002541487,42.1177289693929
"O922V","DSI","V8472W",5,2,7,7,7,3,3,88969.7647246145,5.86132836102825,51.7446134810053
"K787O","R&D","V4497X",4,5,5,6,5,7,6,74785,5.92102717557507,40.962890967186
"Q481I","Health","Z4101Z",1,3,2,3,3,5,5,116418,4.11314888361646,48.0769731921081
"B850U","DSI","V8472W",4,4,7,5,5,5,5,55918.2076608954,5,43.3454178415698
"S407D","Finance","Y9641W",1,3,3,3,3,4,5,59897,3.14285714285714,48.8609082693868
"L715W","Health","V7487V",7,7,7,7,7,7,7,95116,7,40.0943514506583
"F626A","Health","V7487V",3,7,3,5,4,7,7,55102,5.14285714285714,42.6639620810004
"N941U","DSI","I511L",3,7,4,4,5,7,5,61441.192436388,5,47.3698011697239
"L950C","Health","Z4101Z",3,5,5,4,5,6,7,57031,5,47.6674737107508
"T718L","R&D","X3607X",7,7,7,7,7,7,7,97251,7,44.7808095988478
"K618G","R&D","X3607X",1,7,3,2,2,7,7,146374,5.14477425945512,39.0307117125852
"B146O","Finance","X7645X",5,3,7,6,6,5,3,74215,5.68525181200047,43.4356415766103
"S691G","R&D","X3607X",7,2,7,7,7,3,3,123909,6.30372456405316,42.8727106020565
"G287I","Health","Z4101Z",4,1,6,5,6,3,2,113736,4.66023921357625,52.8489858746539
"P327C","R&D","X3607X",2,6,3,4,4,7,7,74276,5.13403254187883,41.7804734480975
"M965W","R&D","X8066X",6,5,7,7,7,7,5,48914,5.86314692525718,45.9103000839254
"E986H","R&D","X3607X",4,4,6,6,5,5,5,54246,4.41441292493861,40.5736174810261
"B984G","Finance","Y4468Y",2,2,3,4,3,3,4,130942,3.86595643129643,51.3120847350859
"V739F","Finance","Y4468Y",3,6,4,4,5,7,7,73805,5.77460818840534,38.8437379240289
"F226G","R&D","Y3553W",5,5,7,7,7,6,6,75450,6.59490873197771,45.6150107595344
"B927M","Health","V7487V",1,7,2,2,3,7,7,50289,3.68003675185546,53.5161932778915
"Y330M","Ethics","W7742X",1,2,2,1,2,3,3,51623,1.403687857065,39.207023226023
"L793N","R&D","Z2464Y",6,5,7,7,7,7,7,50590,6.14087521988639,47.1754454676556
"U485M","Health","Z4101Z",2,1,3,3,3,2,2,56271,2.28571428571429,46.226648257313
"T205M","R&D","V4497X",4,7,5,5,5,7,7,59671,5.71428571428571,38.7558918402111
"R947I","R&D","Z2464Y",1,2,3,2,2,4,3,106944,3.36559102659601,43.4903956497863
"U636T","Ethics","X8022Z",3,2,4,4,5,3,3,54154,2.79272882232175,51.1036199889514
"R200P","Ethics","X8022Z",4,2,5,5,6,4,4,72252,4.82920482090019,46.3664974822715
"H598Q","Health","Z4101Z",4,1,6,5,4,3,3,46597,3.15734545559579,40.2282985014515
"H593H","Ethics","W7742X",3,4,5,4,5,6,6,57336,4.71428571428571,42.8264876109829
"W537X","Ethics","W7742X",4,3,6,5,5,5,4,113823,5.53034430008214,48.7213938234354
"W107G","Finance","X7645X",7,7,7,7,7,7,7,73799,7,47.4040609068363
"S637U","Finance","Y7685W",2,2,3,4,3,3,4,73187,3.47825649211251,52.3296126921572
"G831I","Finance","Y4468Y",7,7,7,7,7,7,7,68614,7,44.2065409838815
"M252K","Finance","Z7298V",5,5,6,6,6,6,7,73187,6.37380638390352,40.6747961032629
"B890H","R&D","Y3553W",7,2,7,7,7,4,3,58395,5.28571428571429,39.4958837936067
"Y587I","Finance","X7645X",2,4,3,3,2,6,5,137157,4.65031251886186,44.3516336500564
"H380Q","Finance","Y4468Y",1,1,3,3,4,2,4,71601,2.95472836023927,41.1196055836443
"S767O","Health","Z4101Z",4,4,4,6,6,6,5,55050,5,45.3401313039888
"P620E","R&D","Z2464Y",7,1,7,7,7,2,3,50737,4.4318477772356,45.3561379867683
"Z938R","Health","Z4101Z",3,4,5,5,5,5,6,125622,5.45762754964685,48.7312851514473
"I636N","Finance","Z7298V",4,3,5,5,5,4,5,54582,3.92128857637324,51.6796484624639
"I454V","R&D","Z2464Y",1,7,2,3,2,7,7,139836,5.11134110407414,50.0025790054874
"P752Y","Health","Z4101Z",7,7,7,7,7,7,7,91560,7,39.7769228243852
"K127E","Finance","Z7298V",7,5,7,7,7,6,6,70310,6.79005521078914,36.6914260554738
"L864C","DSI","V8472W",1,1,3,3,3,2,3,59336.2885041681,2.28571428571429,47.555523061723
"C754R","Finance","Y4468Y",5,3,7,7,6,4,4,46560,4.4864436318888,50.3242497623095
"O607T","R&D","X3607X",1,5,2,3,2,5,6,53258,3.13938559175546,45.001950320834
"L808T","Health","V7487V",3,3,4,5,5,4,5,45313,3.75874836539096,46.9810469121156
"V704R","R&D","V4497X",4,4,5,5,5,5,6,74556,5.27118123830113,40.482317761739
"Q902X","R&D","X3607X",1,6,3,3,3,7,7,49555,3.83069453211148,48.711160952609
"R809N","Finance","Z7298V",4,6,6,6,5,7,7,68679,6.36408395759972,37.6107205194886
"K441M","Finance","Y9641W",7,7,7,7,7,7,7,100252,7,45.5131610166321
"U503L","Health","Z4101Z",1,2,2,2,3,3,4,56821,2.42857142857143,42.5062528398495
"R981H","Finance","Z7298V",1,3,4,3,2,5,5,54145,2.89142052824036,33.2641652452801
"B935Q","Health","V7487V",7,2,7,7,7,4,3,136312,6.3048865411905,47.794211583328
"K698B","Health","Z4101Z",2,6,4,2,4,7,7,103964,5.76332458688156,47.6023942568918
"T465U","Ethics","W7742X",7,3,7,7,7,4,5,52723,5.24239491534004,44.2419122274679
"U470P","Ethics","W2205Z",7,3,7,7,7,4,4,54988,5.17054058555945,48.5474122791154
"W656Q","R&D","X3607X",3,3,5,5,5,4,5,146330,5.14285226859192,39.7106922667087
"Q272O","Ethics","W2205Z",7,6,7,7,7,7,7,47325,6.40567194523281,46.7985970226153
"Y630V","Ethics","X8022Z",4,3,6,6,5,5,5,54812,4.25775823610633,46.6999017526939
"W266V","Finance","Y4468Y",5,6,6,6,6,7,7,59464,6.14285714285714,41.223721887979
"Z526L","DSI","V8472W",6,3,7,7,7,5,5,60978.4822778841,5.71428571428571,39.7375244831179
"W408G","R&D","X3607X",2,3,4,4,3,4,5,56604,3.57142857142857,50.5174340082869
"F182X","Health","W8102W",4,7,6,6,6,7,7,56445,6.14285714285714,43.2648598634881
"F895Q","R&D","X8066X",2,3,3,3,4,4,6,72991,4.18496810748722,47.2681901398847
"S159E","R&D","X3607X",1,2,2,2,4,3,4,59568,2.57142857142857,45.8266682480952
"T563N","Finance","Y4468Y",7,7,7,7,7,7,7,68968,7,47.200723365521
"A163W","Health","V7487V",5,5,6,7,6,7,7,57934,6.14285714285714,35.0532377217921
"Y763L","Finance","Y7685W",3,4,5,5,4,6,5,54022,4.06622433806137,40.7280899384597
"R175O","R&D","Z2464Y",2,2,4,3,3,4,3,50763,2.53337659692353,48.8391498684767
"G646F","Health","Z4101Z",1,5,3,2,1,7,7,67682,4.30445091232394,47.4740411028494
"Q127D","Finance","Y4468Y",4,5,6,5,5,6,7,53475,4.83357095119745,42.3928572839616
"K940S","Finance","X7645X",1,7,3,3,3,7,7,59874,4.42857142857143,51.8151591753663
"E299D","R&D","X3607X",3,2,3,5,5,2,3,53982,2.79777477870841,37.6173755538934
"A105D","Health","W8102W",3,4,5,4,5,6,6,47779,4.29336394596628,47.7705937461486
"X567M","R&D","Y3553W",6,5,7,7,7,7,6,46251,5.77002662919106,44.5204453587845
"C616W","Health","V7487V",6,2,7,7,7,3,3,90662,5.79735547540486,44.5142176586548
"L937D","Ethics","X8022Z",1,6,3,3,2,7,7,75650,4.44396596060166,44.6803492839948
"F419N","Health","W8102W",7,5,7,7,7,7,6,57872,6.57142857142857,45.0637425672595
"F154Z","Health","Z4101Z",7,3,7,7,7,4,4,86687,6.30089313519806,47.3136348580076
"P345W","R&D","Y3553W",7,7,7,7,7,7,7,143340,7,42.4416848968986
"P656Z","R&D","X3607X",3,4,4,4,5,5,5,53121,3.80157688386775,45.5411780200327
"N179Y","Health","Z4101Z",1,7,3,3,3,7,7,56627,4.42857142857143,42.9908364901053
"M984H","R&D","Y3553W",7,7,7,7,7,7,7,105234,7,48.1532548081667
"I694M","Ethics","X8022Z",2,4,3,3,4,5,6,52751,3.40732216848536,42.3659919161085
"Q768Z","Ethics","X8022Z",3,7,4,4,4,7,7,104817,6.03099207861957,38.9997254832397
"Q842D","R&D","Y3553W",4,1,5,5,5,2,2,52048,2.81488153160259,50.7186419757759
"L902I","R&D","V4497X",5,3,7,6,6,4,5,53885,4.5944259990998,38.2749011764027
"J501B","R&D","V4497X",3,6,5,5,5,7,7,97253,6.41902413721159,43.0035600148833
"C312J","R&D","X8066X",7,7,7,7,7,7,7,72441,7,50.287468275703
"G578E","Health","Z4101Z",6,6,7,7,7,7,7,77184,6.71428571428571,42.0512114388733
"Q294U","R&D","Y3553W",3,7,4,5,4,7,7,94589,6.29090475068979,48.2430178091421
"D976R","Health","V7487V",1,6,3,4,2,7,7,139380,5.28074300949302,43.9208738708447
"U173Y","Ethics","X8022Z",5,3,7,6,7,5,5,53563,4.76866209084879,42.0202842641088
"I148R","R&D","X3607X",7,6,7,7,7,7,7,51202,6.16424477364552,48.9898656447913
"X910A","Ethics","W7742X",1,6,2,2,3,7,7,54226,3.55071189646293,51.6714306542011
"P358K","Finance","Y9641W",6,2,7,7,7,5,4,54098,4.92255381756119,52.9062777293538
"R290N","Finance","X7645X",4,7,5,5,5,7,7,170961,6.612431883113,45.7114322101147
"A105O","DSI","V8472W",2,1,3,3,4,1,2,83293.3401122643,3.29407589063683,48.1226855310028
"R809M","Ethics","W7742X",6,2,7,7,7,4,4,95048,6.15589076937942,38.5648888739055
"T434C","R&D","Z2464Y",6,3,7,7,7,4,5,77435,5.57142857142857,48.2604423947185
"Z307A","Health","Z4101Z",2,1,4,3,4,4,3,57149,3,59.5567220047757
"A349L","Health","Z4101Z",1,7,3,2,2,7,7,58980,4.14285714285714,54.0195016242386
"N148B","Ethics","W7742X",2,3,4,3,3,5,4,50543,2.9676885330919,53.114137798403
"R466J","Finance","Z7298V",4,5,5,6,6,6,7,53385,5.1189086135592,47.5010735656441
"V883E","R&D","Z2464Y",7,7,7,7,7,7,7,98179,7,52.1871617603314
"O468M","R&D","X8066X",4,7,6,5,5,7,7,97226,6.96793896500037,44.8158562950505
"G614F","Finance","Z7298V",7,1,7,7,7,2,3,54547,4.4886430792288,49.4760767721157
"R282V","Finance","Z7298V",7,2,7,7,7,3,3,53940,4.71097388144641,42.9411534071192
"M500H","R&D","Z2464Y",7,2,7,7,7,3,4,104072,6.35432498548408,43.9701725911257
"V745O","R&D","Z2464Y",1,4,3,2,3,6,6,124460,4.61435993550252,50.8542589461138
"P540C","Ethics","X8022Z",1,7,3,2,1,7,7,56781,4,44.7793305142339
"R802Q","Health","W8102W",7,7,7,7,7,7,7,86791,7,43.5161599493039
"R393I","R&D","Z2464Y",4,5,6,5,6,7,6,74896,6.09567461139219,48.8137756269448
"X283Z","Ethics","W2205Z",5,5,6,7,6,6,6,66909,6.35283690476641,46.3066734208618
"D281K","Ethics","W7742X",1,6,3,2,2,7,7,145824,4.91434451185103,36.7846153017046
"C417N","Finance","Y9641W",1,7,4,3,3,7,7,56502,4.57142857142857,48.8488791355549
"P285N","Finance","Y4468Y",1,1,2,2,2,2,3,51680,1.14200421556032,44.3824556291042
"C800Z","Finance","Y7685W",5,5,6,6,5,7,6,95368,6.60401825017586,46.3076796385265
"Y977G","DSI","V8472W",4,4,6,6,5,4,6,72654.9329746244,5.49455562766575,41.3137430530793
"N311Y","Finance","X7645X",7,4,7,7,7,6,5,54796,5.61481411461521,51.9127205939746
"O149W","Health","V7487V",2,1,3,3,4,2,3,78694,2.57142857142857,42.5682266122258
"L880B","DSI","V8472W",5,1,6,6,7,2,2,64373.0118811543,4.14285714285714,43.3121878389597
"L250V","R&D","Z2464Y",3,4,5,5,5,6,5,46216,4.21052691374708,51.5809952142423
"C316N","Ethics","W7742X",2,4,5,3,2,5,5,64998,3.71428571428571,53.7022203395953
"Z878V","Finance","X7645X",3,5,4,3,4,7,7,121765,5.76185214234946,48.8934111757473
"K564D","Finance","Y4468Y",3,6,4,5,5,7,6,51231,4.71379443613974,47.3188470925481
"S897M","Health","Z4101Z",2,2,3,3,3,3,4,72963,3.21954009353303,43.1862872527926
"Q246S","Health","Z4101Z",3,5,5,5,4,7,7,56464,5.14285714285714,42.3005237109698
"W264O","Finance","Y7685W",3,5,4,4,5,6,7,77700,4.85714285714286,34.7411733592199
"Q138V","Ethics","W7742X",6,5,7,7,7,7,5,75372,6.93535848982361,46.8767345126765
"E849B","R&D","Z2464Y",7,5,7,7,7,7,6,56233,6.57142857142857,42.9783142398575
"G396R","Ethics","W2205Z",7,2,7,7,7,3,4,53878,4.65338932971523,43.5642529045845
"J199A","Health","V7487V",4,6,5,5,6,7,7,53801,5.17046285182063,42.0638070701107
"S300Z","R&D","X8066X",5,4,6,7,7,5,6,149088,6.6057603790556,50.8657098938868
"H350W","Finance","Y9641W",4,1,6,5,5,3,1,57087,3.57142857142857,41.9478609777166
"V972D","Finance","Z7298V",7,3,7,7,7,4,4,115686,6.50361508655764,48.3301883332922
"W840K","Ethics","W2205Z",6,4,7,7,7,5,5,65581,5.85714285714286,37.1035261160811
"B621W","Finance","Y9641W",6,2,7,7,7,3,4,45891,4.60489361946554,47.1461134726288
"Z541Z","Finance","Y4468Y",7,7,7,7,7,7,7,90637,7,46.0215725082586
"V214W","Finance","Y9641W",4,2,5,5,6,4,3,56868,4.14285714285714,44.1844997966127
"K442V","R&D","Y3553W",1,6,2,2,3,7,7,53377,3.53890460788888,52.752346365212
"M821I","Health","V7487V",5,5,7,6,6,6,7,45460,5.60446363408121,48.4393465785534
"T318S","R&D","Z2464Y",4,4,6,5,5,6,5,59522,5,40.6739442946182
"N611V","R&D","Y3553W",7,7,7,7,7,7,7,46243,6.56241313874214,40.6195390169535
"A338R","R&D","V4497X",4,3,5,6,5,4,5,65996,4.57142857142857,49.6085092666918
"K780I","R&D","X3607X",2,7,3,3,4,7,7,67517,5.23365059222843,44.5872854654022
"W231T","Ethics","W2205Z",6,1,7,7,7,3,2,55957,4.71428571428571,45.7942076369358
"A935C","Finance","Y7685W",7,7,7,7,7,7,7,133627,7,33.9255130325362
"M111F","R&D","Z2464Y",2,5,3,4,3,7,6,113524,5.16827478994974,41.4386942598577
"Y720U","R&D","V4497X",4,4,6,6,6,5,6,58125,5.28571428571429,55.0872605374014
"V410N","R&D","Z2464Y",7,7,7,7,7,7,7,165339,7,34.5808238354778
"Q320J","R&D","Y3553W",4,5,5,7,7,6,6,54012,5.18868535337741,45.9236153220169
"Y510J","Ethics","W7742X",6,3,7,6,7,4,5,123076,6.29294470118306,46.5918028339641
"U268L","Finance","X7645X",3,1,5,5,3,3,3,89008,4.19131208709829,47.5278626488316
"F549M","Finance","Y9641W",6,3,7,7,7,4,4,56440,5.42857142857143,38.5952305114085
"W607H","Finance","X7645X",5,4,7,7,6,6,5,45931,5.24359476931743,51.7445520788006
"Y611R","R&D","X8066X",7,7,7,7,7,7,7,122300,7,44.7293326059378
"Z897S","R&D","Z2464Y",2,2,3,4,3,3,4,58823,3,46.0398894704222
"P687D","Finance","Y9641W",6,3,7,7,7,5,5,58543,5.71428571428571,43.2197652758365
"N484X","Finance","Y9641W",2,6,3,3,3,7,7,51343,3.98575323581131,46.6865665600987
"C386I","Ethics","X8022Z",2,5,3,4,3,6,7,69343,4.83543231245835,38.1348694748725
"T613A","Finance","Y7685W",3,3,4,4,5,5,5,119544,5.15089520091796,39.8964732089842
"M579F","Finance","X7645X",6,2,7,7,7,4,3,81510,5.98878759373731,45.1712099466298
"Y606L","Finance","Y9641W",7,5,7,7,7,7,6,53275,6.0484358443424,42.5860623581801
"C260D","R&D","V4497X",4,3,6,6,5,5,5,81434,5.77526481367253,53.4830952332249
"C195K","R&D","Y3553W",5,6,7,6,7,7,7,49208,5.85023957103817,49.7129434091014
"Q782H","Finance","Y7685W",1,6,2,2,3,7,7,46346,3.57839297605149,45.372564857528
"H200C","Health","V7487V",7,3,7,7,7,4,4,59021,5.57142857142857,38.0313220134216
"E406M","Health","Z4101Z",3,3,4,4,4,5,4,74196,4.42253646639256,40.1800506960353
"I876Y","Health","V7487V",4,5,6,6,6,7,6,69823,6.08403607737496,50.8810729454131
"U303N","R&D","X8066X",5,5,7,7,7,6,7,49601,5.74568629587694,43.0957031120366
"A566U","Finance","Y4468Y",1,5,3,2,2,6,6,53132,2.9598385817283,41.2309251199616
"R783P","Health","W8102W",1,6,3,3,3,7,7,151717,5.19619533384286,42.1158657086376
"K680E","Health","Z4101Z",3,5,4,5,5,7,6,50648,4.61124033824545,45.5920602895715
"D521C","DSI","V8472W",2,6,3,4,3,7,7,75230.2099015408,4.96215431247416,54.7939518080519
"M360C","Health","W8102W",7,1,7,7,7,2,2,140429,5.71675105037447,47.9095591002509
"E448Q","Finance","Y9641W",7,4,7,7,7,5,5,56644,6,47.1725521781689
"W736M","R&D","Z2464Y",4,7,6,6,6,7,7,54268,5.66816379442675,49.0042439838968
"D739J","R&D","X3607X",2,5,4,3,4,6,7,70926,5.00731440471246,48.6362176341345
"T346Y","Ethics","X8022Z",6,6,7,7,7,7,7,46639,6.1820806893819,48.2797494984288
"N665E","Ethics","X8022Z",3,1,4,5,4,3,3,63452,3.28571428571429,51.5047114910675
"Z970Z","Finance","Y9641W",6,1,7,7,7,2,3,53148,4.2555071727761,51.3702343154245
"D894Q","Finance","Y4468Y",7,7,7,7,7,7,7,95934,7,43.6383234035466
"N808P","Finance","X7645X",3,7,4,5,5,7,7,95430,6.37109166546353,45.8862285269116
"M127Q","R&D","Z2464Y",7,7,7,7,7,7,7,120911,7,45.9715859246434
"I107H","Finance","Y7685W",2,1,4,4,3,2,4,76370,3.26147375721767,39.3216145243971
"Z535Y","R&D","X8066X",4,2,6,5,5,3,4,128886,5.17501916400763,48.6170103742786
"E419N","Ethics","X8022Z",7,7,7,7,7,7,7,89224,7,46.3934996710543
"T164C","Finance","Y4468Y",1,2,3,1,3,4,3,70159,2.90860246356995,45.7827642533519
"O355B","Health","V7487V",2,7,3,2,4,7,7,53931,4.14816777685933,49.0027770406803
"B770O","R&D","X3607X",7,3,7,7,7,5,4,91154,6.68773607578702,52.3570894127306
"E527E","R&D","Z2464Y",3,2,4,4,5,4,4,65944,3.71428571428571,39.5404374793958
"I849W","R&D","Y3553W",2,7,4,4,4,7,7,46945,4.57440154589251,42.6304107849978
"U866O","R&D","X8066X",5,1,6,7,7,2,2,46570,3.66765696781353,35.2025632934224
"S845N","Finance","Y7685W",6,1,7,7,7,2,2,53190,4.04379161937321,49.2067746812192
"D562M","Finance","Y9641W",7,5,7,7,7,7,6,52468,6.0180904724155,46.4570914069945
"S913D","R&D","Y3553W",5,1,6,7,7,2,4,75386,4.90695768038933,49.5389289662546
"Y780P","Finance","Y4468Y",1,3,2,3,3,5,5,52061,2.74351234256433,43.7060220391348
"L359O","R&D","V4497X",4,4,6,5,6,5,5,46704,4.53536580956754,44.3333717813163
"B777Z","Ethics","W2205Z",3,4,5,4,4,5,6,75328,5.07344137510954,46.6875427293173
"O417S","Health","V7487V",4,3,6,6,5,5,6,102997,5.90765021227415,56.0174026355405
"Z583U","Health","V7487V",5,6,7,6,6,7,7,51082,5.76079134462473,40.7093282105991
"S979E","Finance","Y4468Y",2,3,3,3,3,4,4,133185,3.99184781941928,35.8092868317076
"B706E","Health","W8102W",2,7,4,3,4,7,7,54173,4.48961821491811,42.9088016950859
"F135I","R&D","V4497X",7,7,7,7,7,7,7,55925,7,47.1724606557294
"D332N","R&D","Y3553W",1,4,3,2,2,5,6,56342,3.28571428571429,44.6356657509879
"I386X","Ethics","X8022Z",7,7,7,7,7,7,7,165990,7,41.8555195488874
"H675A","Ethics","X8022Z",6,2,6,7,7,3,4,144303,5.81773969991603,43.0393732367914
"W689I","Health","V7487V",1,5,2,3,3,6,6,95028,4.78621820839246,42.8336167028751
"D212L","Finance","Y7685W",5,7,7,6,7,7,7,55007,6.57142857142857,53.4002603357718
"C144I","Health","Z4101Z",2,3,3,4,3,5,5,46673,3.07478674441466,40.2971816839334
"X411C","Finance","Y4468Y",4,6,5,6,5,7,7,134582,6.69346476656852,47.3307860948855
"T346N","R&D","Z2464Y",5,1,6,6,7,2,3,48052,3.88137454047473,50.3339385483048
"M239R","Health","W8102W",1,4,3,3,3,5,6,46891,3.11877133851227,50.7001512304206
"D179F","Finance","X7645X",2,6,3,3,3,7,7,143948,5.52564657151723,43.5011546807996
"C979O","R&D","X8066X",4,5,6,5,5,7,7,91196,6.59446307001077,40.1629852643434
"M100S","R&D","X3607X",4,3,7,7,6,5,5,54817,4.64917453165315,31.5129111444021
"J858I","Finance","Z7298V",1,1,3,2,2,3,3,71256,2.61825930633945,44.6801273931104
"E143H","Finance","Y7685W",3,5,4,5,5,7,7,104705,6.03262351315634,53.7892811755986
"V880E","DSI","V8472W",6,2,7,7,7,3,4,88355.9169631346,6.16331480635534,41.0106048107778
"A907P","Finance","X7645X",3,3,4,4,4,5,4,53961,3.33630079301402,42.2859461870325
"M489C","Health","W8102W",4,2,5,6,6,4,4,85510,5.43762112153063,44.8533606884828
"S997J","Ethics","W2205Z",2,4,4,3,3,6,6,59970,4,46.8918735211942
"N198N","Ethics","W2205Z",7,7,7,7,7,7,7,118262,7,49.9802686593658
"K626O","DSI","V8472W",7,7,7,7,7,7,7,71918.4024568056,7,44.5334840870416
"Y914Y","R&D","X3607X",4,3,6,6,5,4,4,127911,5.62486053996613,58.2810668151875
"D647A","Health","Z4101Z",3,2,4,5,5,4,4,52570,3.41284573608209,44.5916895367705
"N601F","Finance","Y9641W",7,1,7,7,7,3,3,72204,5.48310681913057,39.4741402198068
"N382Y","Finance","Z7298V",3,4,5,4,4,6,5,49729,3.92679377860976,35.6925084512834
"Y158P","Health","V7487V",5,2,6,6,7,3,3,48303,4.01171117001084,50.5474202520477
"N838A","Ethics","W2205Z",3,4,5,5,5,6,5,166534,5.84415653302213,47.7272380503029
"K592Z","Ethics","W7742X",2,3,3,3,4,4,4,74889,3.99862924349909,46.8633774675049
"B545J","Health","V7487V",5,2,7,6,6,4,3,56640,4.71428571428571,46.2504822787291
"R386G","R&D","X8066X",1,6,2,3,2,7,7,106354,4.98965217912461,48.9456169514269
"K285H","R&D","Z2464Y",1,6,3,2,2,7,7,54451,3.50044613628119,44.7646842562539
"X487T","Finance","Y7685W",3,6,3,4,4,7,7,45542,4.53369294365216,43.6745957537961
"X534B","Health","Z4101Z",6,6,7,7,7,7,7,62136,6.71428571428571,42.4839649211675
"J784G","Finance","Y4468Y",2,6,5,3,4,7,7,71883,5.35243698288563,46.9123967383537
"J506G","Finance","Y7685W",3,6,5,5,4,7,7,73519,5.80383955495596,41.3076975466127
"D196A","Finance","Y9641W",2,1,3,3,4,3,3,149552,3.74598687199893,43.265797285237
"Z515Q","Ethics","W2205Z",7,7,7,7,7,7,7,92890,7,44.9481530218611
"W823K","Ethics","W7742X",3,7,4,5,4,7,7,82102,6.428867103433,40.9680479922924
"V328E","Finance","Y4468Y",3,7,4,4,4,7,7,143032,6.1516725020086,42.0203725733768
"S809J","R&D","Y3553W",4,1,6,4,5,3,3,54476,3.20108907935805,36.7319813262229
"U621E","R&D","Y3553W",4,6,5,6,5,7,7,61674,5.71428571428571,37.4483393816653
"Z530A","Ethics","X8022Z",1,3,2,2,4,5,5,72142,3.72063677646197,45.7545693422129
"K699M","Finance","Y9641W",2,2,3,3,4,4,4,58681,3.14285714285714,42.8080749237282
"E902S","Finance","Y4468Y",7,7,7,7,7,7,7,105486,7,38.3687694736819
"M419R","Finance","Y9641W",6,7,7,6,7,7,7,79850,6.71428571428571,37.0478215135465
"U685A","R&D","V4497X",3,3,6,3,5,5,5,47903,3.69638271554726,44.5493803209296
"M639F","Ethics","W7742X",2,6,4,4,4,7,7,71444,5.4111826253931,36.1280330710164
"R598B","DSI","V8472W",3,5,5,3,4,6,6,56007.5027289257,4.57142857142857,39.3305438561524
"L565T","Finance","X7645X",7,7,7,7,7,7,7,112481,7,50.0355781816982
"A803L","Finance","Y9641W",3,3,5,4,5,4,4,50816,3.43567443276736,44.0687653432207
"A401E","Ethics","X8022Z",3,2,4,4,4,3,4,147526,4.50169853795686,46.9508831773773
"S655V","Finance","Y4468Y",3,1,4,5,5,2,2,49201,2.7782483257585,38.9717688240539
"D179H","R&D","X3607X",4,3,5,5,5,5,4,139630,5.4322428386053,49.6892182874435
"T841K","Finance","X7645X",5,3,7,7,7,5,4,56612,5.42857142857143,47.6292617162108
"S821O","Finance","Z7298V",2,2,3,3,3,3,4,75543,3.38964367540015,41.6627038137153
"A307B","Finance","Y9641W",6,4,7,7,7,5,5,75792,6.26921986727259,49.0482876534814
"T520Z","R&D","V4497X",2,4,4,3,5,6,5,45224,3.76681865348814,42.0599582659921
"O370L","Health","W8102W",7,7,7,7,7,7,7,93533,7,44.6580345019772
"D842R","Finance","Y9641W",5,3,5,6,7,5,4,69544,5.5154198745531,33.0074542579065
"M800L","R&D","Y3553W",6,1,7,7,7,2,3,68729,5.1892105154598,39.5460327885985
"C789H","Health","Z4101Z",1,6,3,2,3,7,7,70092,4.43706215806823,55.5856806017251
"Y537Q","Finance","X7645X",5,1,5,6,6,3,2,45037,3.56064754722223,45.9694369344971
"U277O","Finance","Y7685W",2,7,3,4,4,7,7,47751,4.52985552157263,39.6850745034075
"G626B","Finance","X7645X",3,7,4,4,4,7,7,80166,6.03401364474201,42.8567208404929
"O969Z","Finance","Y7685W",3,4,4,5,4,5,6,47122,3.83796424251865,45.1711317069445
"U152V","R&D","V4497X",4,5,6,5,5,6,7,127278,6.42618159380385,40.7916981462082
"F464G","Health","Z4101Z",5,2,6,6,6,3,3,78095,4.42857142857143,40.9512882892056
"M296H","R&D","X3607X",3,4,5,5,5,5,5,58263,4.57142857142857,40.709592251562
"G790W","Finance","Y9641W",2,2,3,3,4,3,4,77939,3,50.6702489142811
"D854O","Finance","Y9641W",2,7,5,4,4,7,7,132779,6.18777817283593,40.5515482133651
"I625I","R&D","X8066X",2,5,3,4,4,6,6,81679,5.25068756499414,42.9536369601141
"N793O","Finance","Z7298V",6,1,7,7,7,3,3,123766,5.82787548938835,42.626947503703
"Q677R","Ethics","W7742X",3,7,5,5,5,7,7,144642,6.53285212527645,51.819084934975
"B626M","Ethics","W7742X",3,7,4,5,5,7,7,56957,5.42857142857143,48.3799655037838
"W189L","R&D","Y3553W",3,5,5,5,4,6,7,95376,5.97626387425988,48.6101445901637
"O749I","Finance","Y4468Y",5,7,7,7,6,7,7,49565,6.17708747555591,45.1869065426607
"B171K","Finance","Z7298V",2,6,3,3,4,7,7,47877,4.23106401815479,48.3537302262614
"V784T","R&D","X3607X",3,7,4,4,4,7,7,54957,4.75046898431031,45.489375246599
"E167D","Ethics","X8022Z",3,2,4,5,5,4,4,141017,4.75859662473878,39.5311277529326
"S773D","Finance","X7645X",2,4,4,2,4,5,5,106885,4.80860134473737,49.1050932213165
"L548N","R&D","X8066X",2,7,3,4,3,7,7,148188,5.76287535201267,47.1479899934483
"H742D","Finance","X7645X",1,1,3,2,3,2,2,50989,1.79839984748079,46.2788564563114
"J822E","Finance","Z7298V",1,4,3,3,3,6,6,108145,4.6374851827751,42.8824205992023
"D292I","Finance","Y9641W",3,7,4,5,4,7,7,171079,6.36044931314834,38.1594079620739
"E268R","Health","W8102W",3,2,4,4,5,4,3,47477,3.04550437526586,46.5795599285377
"H157E","R&D","V4497X",6,4,7,7,7,5,6,54045,5.51407246051747,41.2751445659006
"Z368W","Health","W8102W",7,7,7,7,7,7,7,111812,7,42.9102800777274
"Y978B","Finance","Z7298V",5,3,6,6,7,4,4,51505,4.52163395814601,48.52949919136
"O677C","Ethics","W2205Z",1,4,3,3,3,5,5,53990,2.75215601524515,49.94256046658
"U271X","R&D","Z2464Y",7,3,7,7,7,5,4,48326,5.13813368707649,47.6111107771866
"L865X","Finance","X7645X",7,7,7,7,7,7,7,76414,7,42.9858112135302
"Y260S","Ethics","W2205Z",7,1,7,7,7,3,2,57157,4.85714285714286,43.9201984074226
"C883I","DSI","V8472W",2,2,3,4,4,4,4,86067.2390258533,4.29183100850798,39.8926161792523
"Q935O","Finance","Y7685W",4,1,6,6,7,2,3,74083,4.66916165773232,51.4929018877101
"Z447E","Finance","Y4468Y",3,6,5,6,4,7,7,144307,6.29427534750286,45.9642033944581
"M619Z","R&D","Y3553W",2,7,3,4,3,7,7,116555,5.81462448746627,53.5049007594313
"G163S","R&D","V4497X",6,3,7,6,7,4,4,95437,6.39644616508524,49.9713993130824
"L321L","Finance","Y7685W",3,2,3,5,4,3,4,145242,4.29922544315923,46.5927279054563
"D964W","R&D","V4497X",5,1,7,6,7,2,2,50931,3.75142053605789,54.0551117511906
"C738U","R&D","X8066X",1,2,2,3,2,4,4,70725,3.06843381425404,47.0990495211423
"R374W","R&D","X3607X",6,1,7,7,7,4,1,55250,4.71428571428571,43.6776560477497
"V420S","DSI","V8472W",5,5,6,7,6,7,6,62150.4132472207,6,46.1999311389505
"O291G","Finance","Y9641W",3,7,3,4,4,7,7,98912,5.7295476068465,50.0665427999351
"T367F","R&D","X8066X",5,3,7,6,7,5,4,68398,5.61024202382236,42.2371421694683
"Y913T","Finance","X7645X",4,5,6,6,5,6,7,68023,5.97554225318137,42.2048775464036
"R577Y","Health","V7487V",1,7,3,2,3,7,7,77241,4.28571428571429,49.5195133115825
"Z530D","Health","V7487V",1,1,3,2,2,3,3,56648,2.14285714285714,42.427287317612
"Y418Y","Ethics","W2205Z",6,3,7,7,7,4,4,72171,5.95420344438386,63.4437329521322
"H889S","Ethics","X8022Z",6,1,7,7,7,2,3,65449,4.71428571428571,46.3785654073108
"M465E","Health","Z4101Z",5,1,6,6,6,3,3,146069,5.20786145251922,51.1515175719581
"M725A","R&D","V4497X",3,6,4,4,4,7,7,53048,4.60388320055553,51.999401466887
"J907C","R&D","X3607X",3,3,3,5,4,5,5,116017,5.03718574487333,40.5417272547197
"O240J","Health","V7487V",7,7,7,7,7,7,7,51036,6.58193879090583,44.400735139327
"D289X","R&D","V4497X",4,2,6,5,5,3,4,136071,4.98676506173373,44.6288408549153
"U123J","R&D","Z2464Y",7,1,7,7,7,3,3,91283,5.90942522797936,42.7400255179099
"N472G","R&D","X8066X",7,1,7,7,7,3,2,54670,4.4038787406018,46.8846383979673
"B136A","Health","Z4101Z",5,6,7,7,7,7,7,56779,6.57142857142857,43.0283869925412
"V520R","Ethics","W2205Z",4,1,6,6,5,3,3,99900,4.97494737744131,38.0929887904731
"M238C","Finance","Z7298V",6,3,7,7,7,5,5,98648,6.46288253045322,45.9648480508717
"Y380B","R&D","Y3553W",1,2,3,2,3,4,4,54285,2.01779133833456,48.2283250522664
"C452S","Finance","X7645X",5,2,7,7,6,3,4,51907,4.19820091493028,42.3906025575414
"X885E","Finance","Y4468Y",5,6,7,6,6,7,7,55305,6.28571428571429,49.6144779458055
"L435E","Ethics","W7742X",5,6,7,6,6,7,7,75672,6.73039957071217,41.5827558217718
"L626M","Health","W8102W",2,5,4,3,3,7,7,133020,5.2525716459797,47.2343066483488
"G290R","Finance","Y9641W",7,7,7,7,7,7,7,147081,7,45.1134696064903
"P807K","R&D","X8066X",3,4,4,4,4,7,6,69088,5.03319709255869,58.3522689492811
"Y588W","R&D","Y3553W",4,4,5,5,5,6,5,45476,4.28293069301348,40.6699851387767
"P110D","Finance","Y4468Y",2,6,4,4,4,7,7,139527,5.97202618032746,33.1208468031082
"Q931I","Ethics","W2205Z",6,3,6,7,7,5,5,69565,5.99058774769432,39.7165003425781
"P356S","R&D","Y3553W",1,2,3,3,3,3,4,101032,3.59609646594677,43.1775296543475
"N582T","DSI","V8472W",5,2,6,6,6,4,3,63886.7886239231,4.57142857142857,49.2067939599735
"U681V","Finance","Y9641W",1,5,2,2,2,7,7,47155,3.296893639495,50.235006214159
"C107S","R&D","Y3553W",6,6,7,7,7,7,7,51244,6.05403924608869,45.1715865535571
"Q541E","Finance","Y7685W",7,2,7,7,7,4,5,53581,4.9686719801581,46.0230736254781
"S647C","R&D","X8066X",7,2,7,7,7,4,3,53357,4.85250910932386,47.5875401073717
"G352D","R&D","Z2464Y",6,5,7,7,6,7,7,49700,6.07870055838311,50.0710169530676
"E118F","Ethics","W7742X",4,1,5,6,6,3,2,45573,3.3818281824993,44.5311899958735
"V773M","R&D","V4497X",4,3,6,5,6,4,3,52258,4.00928937212036,38.1724856906619
"W976S","DSI","I511L",6,5,7,7,7,6,5,66261.1941546933,6.6717165591316,43.7991693043156
"S320L","Health","V7487V",6,3,7,7,7,5,4,136047,6.62814786085219,49.1933870935234
"W866C","R&D","Z2464Y",6,3,7,7,7,4,5,72993,6.21700141353393,48.0083552132802
"Y586R","Ethics","W2205Z",2,4,3,4,4,6,6,48423,3.76408404170576,53.4860973538738
"U711Z","Health","W8102W",2,6,4,2,3,7,7,80075,5.31129604859848,45.6264954438194
"H482S","Ethics","W7742X",6,4,7,7,7,5,7,68804,6.51515410058018,54.2416537163491
"F252D","Finance","Y9641W",1,3,3,2,4,5,4,46550,2.55935817121999,43.1772250575982
"J504A","Health","Z4101Z",2,1,3,4,4,3,2,131306,3.66859033668049,43.1324777475624
"L849E","DSI","I511L",7,5,7,7,7,7,4,65451.7843175431,6.28571428571429,49.5678422779173
"U529N","Finance","Y4468Y",7,2,7,7,7,4,4,130265,6.26792496813284,37.8106129084327
"W218Z","R&D","X3607X",5,3,7,7,6,4,4,47688,4.67046460728815,44.5262917025867
"Y844Y","Finance","Y7685W",2,5,4,3,4,6,6,53745,3.74627525230167,54.6123862977039
"Q661V","R&D","Y3553W",1,1,2,2,3,2,2,45957,1.42925549215119,47.0260111728066
"M276Q","Finance","Y9641W",3,1,4,4,4,3,3,115898,4.20593211362831,41.0934645311707
"Z952I","Ethics","W2205Z",3,6,4,4,4,7,7,58879,5,51.6957455276083
"K302H","DSI","V8472W",3,6,5,4,5,7,7,157013.992200787,6.36972621903018,59.6124354614678
"P852R","Ethics","W2205Z",4,4,4,5,6,5,5,58110,4.71428571428571,46.5051455082119
"N492F","Finance","X7645X",5,3,6,7,7,5,4,51685,4.78223012214053,47.9791746827156
"N863V","DSI","I511L",4,3,5,6,5,4,3,119698.772361356,5.36426597626315,47.0172718621923
"S322P","Finance","X7645X",1,7,2,2,2,7,7,49156,3.40847117694057,42.9485645958124
"P290D","Health","V7487V",5,7,7,7,6,7,7,49126,6.06388311903472,45.2350829180795
"X129Z","R&D","Y3553W",7,7,7,7,7,7,7,115776,7,50.4695415913541
"R367H","Health","W8102W",1,5,3,2,3,6,6,68857,4.20003965789051,44.2255645026402
"M917H","R&D","X3607X",7,1,7,7,7,3,3,70492,5.57653061788704,34.3229770637378
"D833O","Ethics","W7742X",2,6,4,4,4,7,7,47269,4.39765670825177,42.9261140896867
"D141V","DSI","V8472W",5,4,7,6,6,5,6,131719.37128944,6.55041994990931,44.9357344008145
"U611V","Health","Z4101Z",4,3,5,5,5,6,4,78680,4.57142857142857,49.8172059836808
"N543R","Finance","X7645X",2,2,3,4,4,3,4,55070,3.14285714285714,42.1875661495616
"Q590O","Finance","Z7298V",1,1,2,3,2,3,3,48877,1.62825721476587,45.7181070069808
"C627Y","Ethics","W2205Z",1,6,3,3,3,7,7,59759,4.28571428571429,44.029091907067
"K762P","R&D","X8066X",7,2,7,7,7,3,3,71814,5.54513990715581,45.5741504125914
"Y238G","R&D","X8066X",6,2,7,7,7,4,4,107919,6.41605140181087,50.2831911601854
"U866I","Health","Z4101Z",1,6,3,3,3,7,7,52147,3.81859213870024,34.7420313177597
"R837P","Health","W8102W",3,3,5,5,4,4,5,49442,3.52461318019753,37.4251195237701
"X887T","R&D","X8066X",2,7,4,4,4,7,7,68042,5.42126226896183,44.2793563887687
"U894W","R&D","Z2464Y",3,6,4,5,4,7,7,54508,4.52638426573983,43.3724300493837
"H970U","Health","W8102W",1,2,2,2,2,4,3,72697,2.77766943068223,38.1984459758022
"W287B","Ethics","W7742X",4,2,5,6,5,4,3,161668,5.02362580052355,46.3205836067618
"N345T","R&D","X3607X",4,2,6,6,6,3,3,53440,3.79125853920439,39.2529804995948
"D489O","R&D","X8066X",4,6,5,5,5,6,7,73530,5.95079294088293,32.3595784602763
"L436L","R&D","X3607X",3,2,4,4,5,3,4,50890,2.97093481758183,50.9611026132389
"L456A","Health","Z4101Z",3,1,5,4,4,3,2,54507,2.68572384207831,50.7053619211617
"I807U","R&D","X8066X",4,7,6,6,5,7,7,72549,6.45192567434642,49.5255417053956
"R688C","Ethics","X8022Z",1,2,4,3,2,4,3,75619,3.16106658292628,49.6009609885649
"A874H","Finance","Y7685W",6,2,7,7,7,4,3,73174,5.60968223600969,54.3094753279589
"Y256S","R&D","Y3553W",2,3,5,4,4,5,5,99555,5.05211670725272,50.7725605348566
"M204J","DSI","I511L",3,1,4,3,5,2,0,73929.07152107,3.20499224378454,47.5232683595444
"E139B","Finance","Y4468Y",7,4,7,7,7,6,7,45035,6.05036733168421,37.3960526049893
"E833A","R&D","Z2464Y",4,1,5,5,6,2,2,48735,3.08360158679817,44.3588878841167
"Z685V","Health","W8102W",4,5,6,6,6,6,7,71040,6.16534871319857,43.8876678363272
"R296I","Finance","Y9641W",6,5,7,7,7,7,7,67809,6.99292380452521,42.8456350779373
"A430P","R&D","Y3553W",1,1,3,2,3,2,3,57877,2.14285714285714,46.4914347039892
"D453G","R&D","X8066X",5,5,6,6,6,6,6,107854,6.77891755473763,42.411061226381
"O395B","Ethics","X8022Z",5,2,6,6,6,3,3,52509,3.85596890105057,51.7739408257602
"S688A","R&D","X3607X",2,2,4,4,4,3,3,105699,4.25324470825801,47.036993263573
"J904Q","Finance","Y4468Y",2,6,3,4,4,7,7,135428,5.68389802579404,49.4532641532791
"B970C","Finance","Y4468Y",5,3,7,7,7,4,5,73454,5.91175487425407,43.8952273697544
"U715M","Finance","Y9641W",2,1,4,3,3,3,3,79472,2.71428571428571,40.2872533836832
"R219W","DSI","I511L",1,6,4,1,3,7,5,147259.942113279,5.05050833101245,41.3052267607133
"Y358T","Finance","Y7685W",7,5,7,7,7,6,6,48436,5.90098218734709,46.9402237207651
"J101Q","Ethics","W2205Z",5,3,7,7,7,5,4,55620,5.42857142857143,60.2714839225072
"B154H","Health","W8102W",5,3,6,6,6,4,5,135837,6.10337561059245,46.5019650439611
"U424F","Finance","X7645X",3,7,5,4,5,7,7,132246,6.37157090847374,44.1181506862052
"L957F","Finance","X7645X",6,4,7,7,7,6,6,47696,5.40509040478729,42.6245217289972
"J116H","Health","Z4101Z",1,6,2,2,2,7,7,54814,3.32611089954816,53.0464733940123
"M794M","Finance","Y9641W",7,6,7,7,7,7,7,54847,6.43540883904242,45.650501981065
"T139H","Finance","Y9641W",5,2,6,7,6,3,3,104739,5.55613642723046,39.7907704528224
"M149Q","Finance","Y9641W",4,6,5,6,6,7,7,115676,6.80739062341354,49.473068102619
"B199W","Finance","Z7298V",1,7,3,3,3,7,7,49214,4.08567076059276,47.6475786693487
"V561I","Finance","Z7298V",4,3,6,4,6,4,5,126968,5.64797815052176,44.0474745180685
"T786N","Ethics","X8022Z",5,3,7,6,7,4,5,53354,4.90784502239995,52.2221086669956
"G971Y","DSI","V8472W",6,4,7,7,7,6,5,57874.2123365473,6,42.6662737225678
"I764M","Finance","Y7685W",5,5,6,7,7,7,6,74104,6.62163178957742,48.9014583402163
"W844L","R&D","V4497X",6,3,7,7,7,5,5,58974,5.71428571428571,44.5906970387378
"W646Y","Ethics","X8022Z",4,2,6,5,5,3,4,53516,3.7570053744372,45.7632586667757
"R113T","Finance","Y4468Y",1,2,3,3,2,3,3,78894,2.42857142857143,40.7419591258934
"H285N","R&D","X8066X",2,2,3,3,4,4,3,52591,2.63877789309393,41.1789619278929
"F121E","R&D","X3607X",5,7,6,6,6,7,7,52098,5.60500680697809,47.6572792748147
"X881S","Finance","Y4468Y",1,4,2,3,2,5,5,136262,4.26938861256378,44.5399076382619
"V719H","Finance","X7645X",4,7,5,6,6,7,7,58278,6,49.3406195762709
"B650I","Finance","Y9641W",7,3,7,7,7,6,4,47979,5.36283352583779,50.9108457318346
"Y303K","R&D","X8066X",2,4,3,3,3,5,6,53831,3.1661832651283,49.5027972943479
"F998O","Finance","Y9641W",1,2,3,3,3,4,4,53883,2.36461994365329,45.4948412438866
"H426X","Health","Z4101Z",4,6,5,6,6,7,7,46191,5.42197439709541,45.9032165547075
"I162L","DSI","V8472W",5,1,7,6,7,3,2,65451.2283284208,4.42857142857143,50.5826534592748
"B220K","R&D","V4497X",4,3,5,5,7,4,5,59263,4.71428571428571,36.0201492543835
"J776J","Finance","Y9641W",7,2,7,7,7,2,3,57382,5,45.1720348502646
"L180A","Finance","Y7685W",1,7,1,2,2,7,7,63182,3.85714285714286,43.018712651239
"M403D","Finance","Y7685W",1,2,2,2,2,4,4,51567,1.87541092738172,34.6486774068612
"R249A","Health","V7487V",3,6,5,5,4,7,7,55432,5.28571428571429,51.0255166099911
"K767N","Finance","X7645X",2,4,3,3,3,6,5,48300,3.18589531029578,43.3149853989076
"Q723E","Health","W8102W",3,2,5,5,5,3,3,49048,3.29328377000967,40.4015580201144
"A472S","Finance","Y9641W",1,3,2,2,3,4,5,93136,3.83954083676258,44.6566321914381
"W252W","Health","Z4101Z",2,1,3,5,4,2,2,65245,2.71428571428571,38.3122389081279
"C662O","R&D","V4497X",1,6,3,3,3,7,7,59967,4.28571428571429,42.3213121589679
"S637P","Finance","Z7298V",2,4,3,3,4,6,5,139300,4.82931749784706,42.1267030172123
"U517G","R&D","X3607X",2,3,3,4,3,5,4,124068,4.30467290708607,49.5662461085318
"K312F","Finance","X7645X",7,3,7,7,7,4,4,102596,6.58218402452293,41.4955826888419
"O391K","R&D","Z2464Y",3,2,5,4,5,3,3,76489,4.03964305226893,39.7463397805338
"M665F","Health","Z4101Z",4,3,6,6,6,4,5,144858,5.81509137496791,55.885228541052
"H684B","Finance","Z7298V",1,6,2,2,2,7,7,79371,3.85714285714286,37.9440689606533
"E588P","R&D","X3607X",2,5,3,4,4,6,6,53612,3.81868131244193,40.2615756552952
"T267C","R&D","Y3553W",4,1,6,5,6,2,3,51880,3.32464590411715,41.3747665397494
"J209P","Finance","Y4468Y",6,1,7,7,7,3,2,62557,4.71428571428571,45.2701344366953
"R324L","R&D","Y3553W",7,7,7,7,7,7,7,133446,7,43.4327209350643
"U326W","R&D","Z2464Y",1,5,3,2,3,7,7,69291,4.63713433791696,40.2550573420462
"H272A","Ethics","W7742X",1,2,3,2,2,3,3,51271,1.91675603320214,45.3330547729398
"D280M","R&D","X8066X",1,2,3,3,2,4,3,90026,3.62732406345557,46.3173823256294
"O351N","Ethics","W7742X",3,1,4,4,5,2,3,111502,4.16310749077158,39.2131833792036
"J476H","DSI","V8472W",2,3,4,4,4,5,5,101629.053018133,4.76438890932446,49.9275781946637
"Q271C","R&D","X8066X",1,7,2,3,3,7,7,52096,3.77781908586878,54.1745290116487
"T542R","Ethics","X8022Z",2,6,3,3,3,7,7,99781,5.28966928927189,49.972802001486
"H705R","R&D","X3607X",1,3,2,2,3,4,4,56464,2.71428571428571,41.3334329400207
"G379Y","Finance","Y9641W",3,1,5,5,4,3,3,51132,2.75698578894945,33.9534851850681
"G612O","R&D","Y3553W",3,3,4,5,5,5,5,156593,5.18022568480061,45.1473167160716
"G878H","Health","Z4101Z",1,7,1,2,2,7,7,67274,4.33219196482127,40.040360755329
"O183F","Health","V7487V",2,1,3,4,3,2,2,140547,3.36623658780539,47.5541309513126
"L451Y","DSI","V8472W",3,1,4,4,4,3,3,128164.943211008,3.88876530047647,44.4452795971346
"F120C","Finance","Y4468Y",7,5,7,7,7,7,6,46736,6.02610502901501,45.9478207734633
"M570H","R&D","Y3553W",1,6,2,3,3,7,6,45841,3.30541750585853,51.5344680474424
"Y125H","Ethics","W2205Z",7,2,7,7,7,4,3,102079,6.32750683880807,45.9628173223432
"D339E","Finance","Y4468Y",2,4,3,4,4,6,5,54571,3.49718108269882,43.9075508821381
"Q717I","R&D","X3607X",7,7,7,7,7,7,7,46618,6.50272879515042,40.5357076341586
"N793S","Finance","X7645X",5,1,7,6,6,3,2,126476,5.34791207350383,45.5787194042977
"T819H","Ethics","X8022Z",5,2,7,6,6,3,4,45637,4.09665808821056,44.9028787906262
"A959T","Finance","Y7685W",3,6,4,4,4,7,7,82375,5.98325797002356,50.4245388548881
"C129J","Finance","Y9641W",3,4,4,4,4,5,5,57754,4.14285714285714,41.2959064883122
"M654C","Finance","X7645X",1,2,2,2,2,4,4,49717,2.04169847547179,47.7576150826669
"D949Z","Finance","Z7298V",3,6,4,5,4,7,7,51863,4.55387241956173,48.1156758239505
"G952H","R&D","V4497X",2,7,5,4,3,7,7,91181,5.93663131685226,44.1690938633242
"L213P","Finance","Z7298V",3,7,5,4,5,7,7,115407,6.30362077120466,38.5910924603059
"E879E","Finance","Y4468Y",3,2,4,4,5,3,3,72177,4.00377907635547,35.1332921467618
"Q530U","R&D","Y3553W",3,1,4,5,4,2,2,92245,3.89015741459684,48.8402315253158
"N680V","Ethics","W2205Z",1,3,2,3,2,5,4,140561,3.75036760007516,52.6823111720167
"S601K","Finance","Y4468Y",4,4,5,6,6,5,5,54467,4.52800411855673,46.0217918152211
"W591H","Ethics","W7742X",2,6,3,4,4,7,7,50406,4.33652593339073,49.9336001197202
"O723P","R&D","Z2464Y",2,1,4,4,4,3,3,73942,3.51755728667323,41.9804777882505
"K682R","Ethics","W7742X",1,5,3,3,3,6,6,80376,4.96154237882996,32.8031957013432
"T623Z","Health","Z4101Z",2,3,4,3,4,4,5,54396,3.03029441658565,48.6461311630059
"J735D","Ethics","W2205Z",6,6,7,7,7,7,7,79839,6.71428571428571,38.0667600204811
"A785J","R&D","X8066X",7,4,7,7,7,5,6,59315,6.14285714285714,38.9546967733352
"M613F","Ethics","W2205Z",3,2,4,4,5,2,3,114635,4.13322305911412,40.931493069703
"R964F","Ethics","W2205Z",7,7,7,7,7,7,7,118624,7,33.561363187503
"I687J","R&D","X8066X",4,1,5,6,6,3,3,54959,3.35595757012519,55.3267173666279
"T746N","R&D","X8066X",2,5,3,3,3,6,6,54812,3.51886222755343,40.9872831346903
"J604J","DSI","V8472W",7,1,7,7,7,3,2,135791.971897005,5.7227275277901,38.0821396146988
"J930Q","Health","Z4101Z",4,1,6,5,5,2,2,149977,4.61894478457698,41.0431220948335
"H334J","Ethics","W7742X",2,5,3,4,4,7,6,54544,3.80338564076991,47.5777155980369
"L968Q","R&D","Z2464Y",6,3,7,7,7,4,5,89726,6.55719588701422,50.1449510470692
"W962D","Ethics","X8022Z",1,1,3,2,2,3,2,96703,3.07301830904555,52.7251555069384
"J765R","Finance","Z7298V",1,2,2,2,3,4,4,50490,1.89763424598369,46.6221543554123
"G624W","R&D","X3607X",1,2,2,3,3,3,4,55484,2.57142857142857,49.2768702306393
"Q382L","Health","V7487V",6,7,7,7,7,7,7,49203,6.50010897755667,47.8077078288792
"L851C","Finance","Z7298V",5,4,6,7,5,7,5,59348,5.57142857142857,43.702948998459
"N625V","R&D","Z2464Y",3,7,5,5,5,7,7,146659,6.56417923765433,47.63705408508
"B623R","Ethics","X8022Z",2,7,3,4,4,7,7,55658,4.85714285714286,44.9597920686579
"U171Z","Finance","Z7298V",2,7,3,4,3,7,7,148774,5.61860091224435,52.0576700683612
"U376H","R&D","X3607X",1,6,3,3,2,7,7,59593,4.14285714285714,36.4132638893058
"S338Y","R&D","Y3553W",3,6,4,4,5,7,7,46478,4.5469987540766,42.1473563414837
"M860X","Ethics","W2205Z",2,4,3,3,3,6,6,52823,3.28309612892978,43.7751539498739
"F741D","Health","W8102W",1,3,3,3,3,4,4,71948,3.61233712469076,39.8575319535474
"G668E","R&D","Y3553W",4,1,6,4,5,3,1,53825,2.93335301422013,47.6396092878224
"K429N","Finance","X7645X",1,3,2,3,2,5,5,49579,2.46354126256779,54.4018570796908
"S918I","Finance","X7645X",2,4,4,2,3,5,6,70489,4.08405368540935,46.3943072522404
"N300Q","R&D","Y3553W",4,7,5,6,5,7,7,63101,5.85714285714286,40.8799276879106
"X548R","Finance","X7645X",1,3,3,3,3,5,4,48069,2.53580183936192,46.7431189229946
"F708G","Finance","Y9641W",7,7,7,7,7,7,7,129757,7,34.7313746678232
"X298W","DSI","V8472W",7,3,7,7,7,4,5,84995.4781689514,6.99543715743228,35.8160054235617
"S402V","Health","Z4101Z",2,4,3,3,3,6,5,59685,3.71428571428571,45.6192343514623
"L785I","R&D","X8066X",4,4,5,5,6,5,6,84196,6.01019632114171,43.9289222355291
"J621K","R&D","V4497X",4,5,6,5,5,6,7,47962,4.83862439261964,43.9519608235129
"W994Z","R&D","Z2464Y",5,5,7,6,7,6,7,54408,5.71589395323259,42.2065470548205
"C783I","Finance","X7645X",5,5,7,7,6,6,7,53471,5.6259959420246,43.9746932517379
"G531V","R&D","V4497X",3,3,5,5,5,5,4,58848,4.28571428571429,40.4342415877078
"N215G","R&D","Z2464Y",7,2,7,7,7,3,4,153522,6.35419567098225,50.0097755298386
"V134N","R&D","V4497X",4,7,5,6,6,7,7,65734,6,48.0858359837213
"Z423I","Finance","Z7298V",1,1,2,2,2,3,2,123903,2.94340636474726,47.5947121560948
"C411X","Finance","Y7685W",1,7,2,3,2,7,7,57772,4.14285714285714,46.3113970044683
"G528Q","R&D","X3607X",7,7,7,7,7,7,7,129113,7,48.4960645401373
"M189V","Ethics","W7742X",2,6,3,4,3,7,7,53845,3.9720094126375,40.7390285693288
"P443Y","R&D","Z2464Y",2,6,4,4,4,7,7,51189,4.16320131938224,57.8314237739109
"T543U","Health","Z4101Z",1,6,2,3,2,7,7,57835,4,46.9567653291141
"A494S","Health","V7487V",4,4,6,5,6,5,5,61550,5,41.4237446862881
"G540R","R&D","Y3553W",1,4,2,3,3,6,6,146064,4.74288965422939,44.6148488413623
"W433C","Ethics","W7742X",2,3,4,3,3,5,4,69247,4.07620920217597,51.2079868806742
"V227Z","Finance","Y9641W",2,4,4,3,3,5,7,77850,4,47.332820420257
"U661R","R&D","V4497X",4,2,6,6,5,3,4,68793,4.96143231700396,48.183919078444
"L109O","Finance","Y4468Y",4,3,5,5,5,4,4,49062,3.89001152610543,43.5505240581982
"B181U","Health","W8102W",5,5,6,6,6,6,7,51531,5.41317327932874,44.4143891182635
"H335Y","Finance","Y7685W",2,7,4,3,4,7,7,121008,5.86766255305197,43.1809903706144
"W754Z","DSI","V8472W",2,5,5,4,4,7,6,133916.317642978,5.54889410324107,46.4560766505999
"M495T","R&D","X3607X",3,6,4,4,4,7,7,118452,6.06471797370155,46.0559796457659
"A676C","Health","Z4101Z",2,3,3,4,4,4,4,115839,4.35610897259835,40.3239851567584
"Z832D","Ethics","W7742X",1,6,3,2,2,7,7,74282,4.48310900841212,43.4330002928341
"E184V","R&D","Y3553W",5,2,6,6,6,4,3,48665,3.97583091112389,38.1165575127068
"L399G","Health","Z4101Z",1,1,2,3,2,3,3,62110,2.14285714285714,45.1997508966655
"R467H","Finance","Y9641W",2,1,4,3,3,3,3,45659,2.19720669892814,37.9412305205136
"N931C","Ethics","W2205Z",6,2,6,7,7,4,3,88487,5.91837745592508,39.2831153743859
"I647M","Health","W8102W",4,6,5,6,5,7,7,93798,6.71530905249434,44.4285252970106
"N651O","Ethics","X8022Z",1,1,2,3,2,3,3,51377,1.7116491970904,39.9946856651927
"K894N","Finance","Y4468Y",5,1,7,7,7,3,3,53091,4.04227885857124,36.1477374205121
"O594J","Finance","Y7685W",1,7,2,1,2,7,7,73556,4.43747641823737,41.5593216826229
"I929B","R&D","Z2464Y",1,1,3,2,2,3,2,78170,2,35.9197886493984
"V962M","Ethics","W2205Z",5,7,6,7,7,7,7,63876,6.57142857142857,52.5991711570562
"R869X","Health","W8102W",4,7,6,6,6,7,7,49970,5.54498701443876,36.0190659081302
"V662P","R&D","V4497X",6,3,7,7,7,5,4,74864,6.10627702000742,41.299427993167
"T354M","DSI","V8472W",6,6,7,7,7,7,7,64954.308913548,6.71428571428571,47.7285937448256
"H893O","Finance","Z7298V",5,1,7,7,7,3,3,141460,5.66492031494502,46.6005957785186
"A766Q","Finance","Z7298V",6,3,7,7,7,4,5,117078,6.75331286112449,37.7053191071766
"F487R","Ethics","W7742X",1,7,3,2,3,7,7,82010,5.29290709462635,52.1444356571347
"O948K","Ethics","W7742X",5,4,7,7,7,6,5,54773,5.35017208556168,41.1232913914664
"P619W","Finance","Y7685W",7,3,7,7,7,3,5,48515,5.07760618533324,47.9615497586156
"X112H","DSI","V8472W",5,4,7,6,7,6,6,63203.882816428,5.85714285714286,43.5834333821496
"I695P","R&D","X8066X",4,4,6,6,6,5,5,159346,6.26412132518721,42.9201371987514
"V144K","Finance","Y9641W",1,1,3,2,3,2,2,49257,1.44546892833248,52.1647790240529
"K779V","R&D","Y3553W",2,4,3,2,3,5,5,73805,3.77532198537657,39.3186546204936
"U191S","Health","W8102W",4,7,6,5,5,7,7,70961,6.30006128810478,51.8170722495085
"D243B","R&D","Y3553W",2,4,3,2,3,6,5,50419,2.88950672345092,51.9907950327858
"Z360L","R&D","X3607X",7,3,7,7,7,6,4,76735,6.50187027709317,42.5385638870466
"A543X","Finance","Y9641W",3,3,4,4,6,5,5,149810,5.41988929424475,45.2574442605412
"Y276D","Health","W8102W",1,7,2,3,4,7,7,54125,3.9180366780126,49.3498698640507
"P314Z","Ethics","W7742X",6,5,6,7,7,7,6,57019,6.28571428571429,44.8159148546628
"O678P","Finance","X7645X",7,7,7,7,7,7,7,123040,7,44.9905548679343
"Y416C","Health","Z4101Z",2,6,4,3,3,7,7,74160,5.12609063510413,45.3354358286385
"J876M","R&D","X8066X",1,7,3,2,3,7,7,97289,5.16253498004303,39.1058157678653
"Z151A","R&D","Z2464Y",6,6,7,7,7,7,7,78376,6.71428571428571,50.9554805382878
"Z299O","Finance","Y4468Y",1,4,2,3,3,6,6,47999,3.00361878179664,42.2870488886009
"O909C","R&D","V4497X",3,3,4,4,5,5,4,45957,3.65211065943245,39.6808787880882
"D976F","Finance","Y7685W",1,4,2,2,3,6,6,85699,4.37148341130343,36.6679944286599
"R616P","R&D","X8066X",5,5,7,7,6,7,6,71533,6.74334258752869,45.9098888084481
"G448C","Health","Z4101Z",3,2,5,4,4,4,3,58113,3.57142857142857,49.1978176768191
"J869J","Health","V7487V",6,4,7,7,7,6,6,57499,6.14285714285714,44.3819045609772
"B630U","Ethics","W7742X",7,7,7,7,7,7,7,158496,7,49.5327898824652
"U303E","Health","V7487V",1,2,2,3,3,4,3,74147,3.17846638762996,46.8181840600905
"Y460S","R&D","Z2464Y",3,6,5,4,5,7,7,60586,5.28571428571429,40.6011279381156
"J510W","Finance","X7645X",5,3,6,6,6,5,5,59695,5.14285714285714,42.5497234798361
"N313X","R&D","X3607X",6,1,7,7,7,2,4,88198,5.77085704705931,44.5700491098136
"O906W","Finance","Y4468Y",5,5,6,7,6,7,6,51653,5.51538936941687,42.6819135753396
"U910F","Ethics","W7742X",4,2,5,7,6,4,4,48784,4.08171033726324,44.9369452600705
"B683J","Finance","Y7685W",3,1,5,5,3,3,3,75673,3.70060290829155,43.4593963764867
"W432G","Finance","X7645X",5,2,5,7,7,3,3,54583,3.9430070342932,41.2577356104278
"Y254B","Health","W8102W",6,1,7,7,7,2,2,137247,5.46916427576879,46.2665823331107
"K289O","R&D","Z2464Y",4,1,6,5,5,2,3,46185,3.28569460103084,47.2402728599192
"U561Z","Ethics","W7742X",5,6,6,6,7,7,7,54184,5.79888853356833,48.6888521824445
"T272X","Finance","Y9641W",5,6,7,7,7,7,7,54946,6.10936754325406,40.5015499065577
"X672U","Ethics","W2205Z",1,6,2,3,3,7,7,52366,3.57106141700898,49.4397828520889
"J915C","Ethics","X8022Z",3,1,4,5,4,2,3,45258,2.5911540993836,36.8314916580479
"J742B","Finance","Y7685W",3,2,4,4,4,3,3,143630,4.23537330874839,45.5543749591844
"A995A","Health","Z4101Z",7,7,7,7,7,7,7,46308,6.49970590905413,46.9770848373361
"C448Y","R&D","X8066X",1,2,3,2,3,3,3,110065,3.46607743735805,50.3487291858495
"D801T","R&D","X8066X",4,3,6,6,5,4,4,131791,5.68994079773231,48.385677772347
"Y426Z","Finance","Y7685W",1,2,3,3,3,3,3,101332,3.53286217810776,36.8328646669826
"A564S","Ethics","X8022Z",7,7,7,7,7,7,7,112317,7,41.7914467345887
"V960Z","DSI","V8472W",7,7,7,7,7,7,7,91160.2326302249,7,50.2666137028041
"T935V","Health","V7487V",7,5,7,7,7,6,6,47834,5.85694790287195,49.9780118973835
"N890K","Finance","Y4468Y",3,4,5,4,5,5,5,138706,5.47913826386665,43.9612032574617
"P139O","R&D","Z2464Y",1,5,3,2,2,6,6,51555,3.11186988355673,37.0975067791502
"C898H","Finance","Y9641W",7,7,7,7,7,7,7,76050,7,39.5559390413529
"S664G","R&D","Y3553W",7,1,7,7,7,3,2,74617,5.48705288555572,44.5700108233801
"B260M","Health","V7487V",6,7,7,7,7,7,7,58680,6.85714285714286,52.454788902154
"C908A","Finance","Z7298V",1,4,2,2,4,6,5,53911,2.90356779526692,49.3696746506485
"B281H","Finance","Y9641W",7,7,7,7,7,7,7,88068,7,38.8642551987878
"F641K","R&D","X8066X",1,7,2,2,2,7,7,60331,4,46.1437328963483
"H878A","R&D","Z2464Y",2,2,4,4,4,4,3,77254,3.28571428571429,43.8146465096813
"Y612Q","Health","W8102W",4,1,6,5,5,3,3,70933,4.44343594577344,49.6641124272626
"T699Q","R&D","Y3553W",5,4,6,6,6,5,6,47685,4.88984559027116,36.1588127605897
"C622A","R&D","V4497X",1,7,2,1,3,7,7,47698,3.27716945849092,47.2822435661179
"M632I","R&D","Y3553W",2,7,4,3,3,7,7,54400,4.26484093732666,44.5880337030973
"M897Q","Ethics","W2205Z",3,7,5,4,5,7,7,125563,6.42928954587222,48.5307895126487
"N650L","Finance","Y7685W",1,6,3,3,2,7,7,144015,4.83400340437623,47.3690322190825
"P750H","Health","Z4101Z",4,1,5,6,5,2,3,46130,3.19457921015545,54.5076598705613
"T417O","Health","W8102W",2,7,3,4,4,7,7,90884,5.92738744260555,46.6458424508833
"M675A","R&D","Z2464Y",1,7,2,2,3,7,7,53138,3.71019536464897,44.8668724106351
"D429U","Finance","Y9641W",5,4,6,7,6,5,5,112711,6.36488986665317,44.8510367912982
"N663S","R&D","X3607X",3,2,4,4,5,4,3,54473,3.16604415208801,43.8259336101505
"I924M","R&D","Z2464Y",1,4,2,3,3,6,5,98510,4.33283465425855,40.6872978724772
"U180M","Health","V7487V",6,4,7,7,7,5,4,56325,5.71428571428571,42.6429284861847
"B472X","Ethics","X8022Z",1,1,2,2,2,3,2,55039,1.85714285714286,46.8123798834749
"L278L","R&D","V4497X",3,3,4,5,4,5,5,163553,4.98047515401337,33.7495017594389
"J568U","Finance","X7645X",3,5,4,4,5,7,7,59635,5,48.0767933781231
"I282D","Finance","Y9641W",7,1,7,7,7,2,3,55891,4.85714285714286,47.7623942551645
"J424S","R&D","Y3553W",4,3,6,5,5,4,4,77008,4.42857142857143,46.1502844923437
"G171C","Ethics","W2205Z",3,7,4,4,5,7,7,83081,6.32922873303325,47.8149971477411
"T846B","R&D","Y3553W",7,6,7,7,7,7,7,51118,6.33967694695454,37.8884169558155
"A851F","R&D","Y3553W",6,3,7,7,7,5,5,159669,6.63182787980328,45.7896877721862
"L688G","Health","W8102W",5,7,6,6,7,7,7,55774,6.42857142857143,44.003326817893
"Q229B","Ethics","X8022Z",1,1,3,2,2,3,2,109300,2.88363314047358,49.6474413595543
"C676D","Health","Z4101Z",7,2,7,7,7,3,3,56030,5.14285714285714,46.4985739750106
"D148Q","Health","V7487V",5,6,6,6,7,7,7,58409,6.28571428571429,45.1743298482063
"W794I","R&D","X8066X",2,4,3,4,4,6,5,126364,4.97292214948824,43.9964790849541
"M433U","Health","Z4101Z",6,6,7,7,7,7,7,45074,6.18322089936105,36.2783183699008
"Z151O","Finance","Y9641W",2,3,3,3,4,5,4,48079,2.98073604033158,35.9793171931484
"R586Z","R&D","Y3553W",2,1,4,4,3,3,3,67783,3.23721969364998,51.4378697151559
"B799S","Health","Z4101Z",1,7,4,3,3,7,7,50177,3.9529125745254,48.3199345205442
"K859E","Finance","Y4468Y",2,5,3,3,4,6,7,74608,4.80856307236471,48.7023770030039
"I952D","Health","V7487V",5,4,7,6,6,6,5,67638,6.12928984948231,43.0089241657182
"N656L","Finance","Z7298V",7,7,7,7,7,7,7,58369,7,48.3780743652388
"D913S","Finance","X7645X",6,7,7,7,7,7,7,47953,6.39164893598237,52.6058866722462
"D100F","Finance","Y7685W",7,7,7,7,7,7,7,122753,7,47.3097175716607
"S182Z","R&D","Y3553W",6,1,7,7,7,3,2,83194,5.73298544570247,32.017526707079
"U578V","Health","Z4101Z",7,6,7,7,7,7,7,51552,6.26962766553447,52.2292930891917
"J868H","Ethics","W2205Z",3,5,5,5,4,7,6,68521,5.3375513768251,49.5793313336544
"F189Y","Finance","Z7298V",5,1,6,7,6,3,2,89386,5.31923792979264,56.7209079706743
"F882B","Ethics","X8022Z",1,6,2,2,2,7,7,46285,3.39595508819219,49.8639564713378
"C320E","R&D","X3607X",6,2,7,7,7,4,4,98712,6.27453612256853,41.570633461799
"P681Q","DSI","I511L",5,3,7,6,7,5,3,120906.722503453,6.08493986729648,41.2921870668224
"V826G","Health","V7487V",1,2,2,3,2,3,3,89142,3.25052222521281,43.3422607111837
"A612J","Ethics","W7742X",5,2,7,6,6,3,3,105959,5.68137911706339,46.9659301676843
"W914T","Finance","Y9641W",4,1,6,5,5,3,4,73390,4.47046656638319,38.5466830427534
"E546T","Ethics","W7742X",3,4,5,5,4,6,5,88349,5.63843430165041,44.9535491913402
"C504M","R&D","Y3553W",5,4,7,7,7,6,7,74523,6.71004225304583,44.2453774936967
"S917P","R&D","X3607X",2,5,4,4,3,5,6,53247,3.64723574282048,42.5933310925106
"V373C","Ethics","W7742X",4,7,5,5,5,7,7,57987,5.71428571428571,42.9242653797212
"B320P","Health","V7487V",7,7,7,7,7,7,7,119576,7,41.1281741120755
"H951R","Finance","Z7298V",1,7,3,2,2,7,7,88548,5.2337745204732,38.9217501083198
"N277M","R&D","X8066X",7,3,7,7,7,4,5,45098,5.22551908546506,48.2129858123977
"H194S","Finance","Z7298V",5,4,7,7,6,6,4,49436,5.04339824087346,43.3594331812173
"D406A","Health","V7487V",6,1,7,7,7,2,3,65146,4.71428571428571,39.5043365635021
"O110H","Finance","Y9641W",4,5,5,6,6,7,7,80442,6.76949250808723,41.9333954179237
"R259G","Finance","X7645X",3,1,4,4,5,2,3,47386,2.51024402856987,38.5420491223581
"T236C","Finance","Y4468Y",3,7,4,4,5,7,7,141116,6.30329295320502,41.5637160253505
"W652A","Health","W8102W",1,2,2,2,2,3,3,59020,2.14285714285714,34.0576214600329
"H309K","R&D","X8066X",3,6,4,4,5,7,7,48772,4.57061588207176,49.2855788519322
"V222I","Finance","Y7685W",5,3,6,6,6,4,4,50848,4.40929745852216,58.8607628860256
"E751J","Ethics","X8022Z",2,3,4,3,4,5,5,48245,3.16834710972313,45.1559764173076
"Y184Z","Ethics","X8022Z",1,2,3,2,2,3,4,96049,3.42536398799887,47.6351149616341
"B364U","Finance","Z7298V",2,2,3,4,4,4,3,132440,4.21347223175983,46.9374531479997
"I359Q","Health","W8102W",5,2,6,6,7,3,4,74469,5.3577732753655,37.0578289046864
"I889G","Ethics","W7742X",7,4,7,7,7,5,4,118464,6.91466787685798,42.2304989519894
"V109T","Finance","Y9641W",2,4,4,3,3,5,5,92551,4.57122020452126,47.2993481310627
"F877I","Health","V7487V",3,3,4,4,4,5,4,135038,5.09446708729474,38.207613809013
"M543R","Finance","Z7298V",1,7,3,3,3,7,7,46124,4.00123506447828,46.0617129033614
"U634Z","Finance","Y7685W",4,7,6,7,5,7,7,56684,6.14285714285714,42.3165333748873
"F416S","R&D","X8066X",1,6,3,2,4,7,7,45977,3.90104494325794,44.9281473667103
"D419I","Health","Z4101Z",3,3,5,5,4,5,5,57088,4.28571428571429,43.4367526479118
"W212C","Ethics","W7742X",2,2,3,4,3,4,3,63902,3,39.0387736956695
"F153Q","Finance","Y7685W",7,7,7,7,7,7,7,141235,7,43.0370148506013
"G104T","Finance","X7645X",3,4,5,5,5,5,5,158465,5.50262751379038,46.1242792699039
"H789H","R&D","X8066X",1,5,2,4,3,6,6,53451,3.410369252659,49.442658662414
"O415R","Finance","Z7298V",1,4,3,3,2,5,6,132164,4.42007919225793,48.6091656201146
"Z996B","Finance","Y9641W",1,3,2,2,3,4,4,59976,2.71428571428571,51.6418108618107
"Z373P","Health","Z4101Z",3,4,5,5,4,5,5,64508,4.42857142857143,40.3151470409317
"D740T","DSI","V8472W",1,4,2,2,2,5,6,57790.0515972241,3.14285714285714,43.791428262519
"A683Y","R&D","X3607X",4,2,6,5,5,4,4,105585,5.20310795303653,37.3864927366766
"F712I","Finance","Y9641W",1,7,3,2,1,7,7,55278,4,49.2527594708534
"J642Z","Finance","Y9641W",1,3,3,2,3,5,4,77166,3,40.4748653002264
"N175D","Health","W8102W",7,7,7,7,7,7,7,104764,7,46.0284505533666
"H320C","Finance","Z7298V",3,5,4,6,6,6,7,72687,5.90039674876154,43.3465807110613
"F658W","Finance","Y7685W",3,2,4,4,5,3,4,80389,4.64145862399014,43.4430778635774
"E186Y","Ethics","W2205Z",4,4,5,5,5,5,6,130116,5.92131485896817,45.3025573998745
"T235C","Finance","X7645X",4,1,5,5,5,2,3,50769,3.14694862629386,40.3671804686564
"B396R","R&D","V4497X",5,1,6,6,7,2,2,51108,3.61199590341821,48.1630019327372
"I524J","DSI","V8472W",7,7,7,7,7,7,7,130102.858627972,7,44.1385899150259
"M647F","R&D","Y3553W",5,1,7,7,6,3,2,76857,4.85839792932119,42.5396284624738
"J965K","R&D","X8066X",7,7,7,7,7,7,7,73812,7,47.1761874931236
"A426G","Health","V7487V",5,2,6,6,7,4,4,57931,4.85714285714286,41.054504571614
"F117T","R&D","X3607X",4,2,6,5,4,3,3,78229,3.85714285714286,50.822472891085
"D643W","Finance","Y9641W",2,6,3,4,3,7,7,52127,3.8446216523684,39.2038493221932
"K412D","Health","W8102W",7,7,7,7,7,7,7,149010,7,51.3567945566028
"D988X","Health","W8102W",7,3,7,7,7,4,3,52933,5.05280653472364,48.8872276194735
"O630L","Health","Z4101Z",4,5,5,6,6,6,6,56733,5.42857142857143,43.0104478248808
"H345M","DSI","V8472W",1,1,3,2,3,3,1,63801.9804574753,2,30.3998414776574
"X883F","Health","Z4101Z",7,1,7,7,7,3,3,141473,6.15998379234763,42.1966350053875
"Y158L","Finance","Y9641W",1,4,2,3,3,6,6,71126,4.21758553287522,46.701990305538
"H816L","Ethics","W2205Z",1,4,2,3,2,5,6,100113,4.26946578933282,38.7285108898246
"L199B","Health","V7487V",1,3,2,3,3,4,4,57181,2.85714285714286,42.8276632873821
"I566Y","Health","W8102W",5,3,6,7,6,4,4,79648,5,45.8733897141311
"Y219I","R&D","Z2464Y",4,4,5,5,5,5,5,52579,4.22557879630078,39.9817583975959
"I986Q","R&D","Z2464Y",6,6,7,7,7,7,7,57475,6.71428571428571,35.7993372594132
"P524N","Finance","Y9641W",1,1,2,3,2,2,3,53134,1.49904527002575,37.294317114512
"S464I","Finance","X7645X",6,1,7,7,7,3,3,51907,4.25688483576157,49.138824147413
"S778Z","R&D","X3607X",2,5,3,4,3,7,6,48419,3.78858523572483,44.5809640992096
"A103R","Ethics","W7742X",7,1,7,7,7,3,3,53384,4.54459316776685,45.5954981660169
"F719G","Ethics","X8022Z",1,2,3,2,3,3,3,56259,2.42857142857143,47.7836659481999
"G596C","Finance","Y9641W",1,6,1,3,2,7,7,80780,4.84133647404804,39.5905325654115
"O882D","Ethics","W2205Z",5,2,6,7,7,3,2,56655,4.57142857142857,44.8401305928631
"W459M","Health","W8102W",2,1,3,4,3,2,3,50194,2.09638342678801,43.7602442077625
"K316C","Finance","X7645X",1,4,4,3,3,5,6,50301,3.31346288898911,45.8080833761084
"E300Q","R&D","X8066X",2,1,3,4,4,2,3,54019,2.12882913103637,47.5131851496345
"Q530T","Finance","Y9641W",4,5,6,6,5,6,6,121589,6.51143562647557,47.4180589132356
"E776W","Finance","Z7298V",3,4,5,4,5,6,5,71061,5.05367611046167,45.8962997769716
"P151E","R&D","X3607X",1,1,3,3,2,2,3,118064,3.19570599497921,49.7482137055584
"X900M","Health","W8102W",1,4,3,3,3,5,6,45489,3.1814819161296,53.9070456095749
"M194D","R&D","V4497X",7,1,7,7,7,2,2,49850,4.16991522306557,44.0260601456234
"A192M","DSI","I511L",1,6,3,2,3,7,5,68914.3039338632,4.32715780643783,43.7633094508927
"Q283Y","Finance","Y7685W",7,7,7,7,7,7,7,134589,7,42.6650581563656
"U824R","R&D","V4497X",6,2,7,7,7,4,4,109535,6.31395718024908,47.7905672669938
"C372F","DSI","V8472W",6,4,7,7,7,5,5,86844.8448506764,6.90451225898484,45.6311690930986
"H709L","Health","W8102W",3,4,5,4,4,5,6,59755,4.42857142857143,48.8413795867585
"Z426G","DSI","I511L",7,1,7,7,7,3,0,157682.186613518,5.59317816596932,44.0352852458698
"G119J","Health","W8102W",2,5,3,4,3,6,6,162461,5.22935895811621,47.1871651959733
"T911P","R&D","V4497X",1,6,2,1,2,7,7,76507,4.22299874583695,46.2288012053695
"M732V","Ethics","W7742X",7,7,7,7,7,7,7,107234,7,55.0329335651866
"L463X","Finance","Y4468Y",5,7,6,7,7,7,7,54832,5.96267445387853,39.5759757228997
"J759T","R&D","Z2464Y",1,1,2,3,3,4,3,58053,2.42857142857143,46.6772860297326
"R149T","R&D","X8066X",6,2,7,6,7,2,4,54953,4.25317972979946,42.1743336709761
"V928F","Health","Z4101Z",5,2,7,5,7,4,4,138156,5.81374685147198,46.6611848444231
"B895E","R&D","Z2464Y",1,2,2,3,2,3,3,55408,2.28571428571429,50.3059543371699
"U981Y","Health","V7487V",1,1,3,3,2,2,3,90952,3.12065148438595,43.5453340886387
"C682X","Finance","Y4468Y",5,1,7,6,7,2,2,53634,3.77206087997963,49.5975370520716
"L783R","Finance","Y4468Y",7,7,7,7,7,7,7,102803,7,43.4641448353539
"B654E","Finance","X7645X",2,5,3,3,3,7,6,47069,3.5795292128144,48.4819245302305
"D783D","Ethics","X8022Z",7,7,7,7,7,7,7,140155,7,36.1194032683465
"Q111A","Finance","Y7685W",3,6,5,5,4,7,7,76720,5.83925826986344,47.6827999342608
"C869F","Health","V7487V",7,5,7,7,7,6,7,47383,6.08441300628037,49.5163466916457
"B595V","Finance","X7645X",3,3,5,5,4,5,5,48985,3.71265668150132,42.6096427361709
"B123H","R&D","V4497X",5,6,6,7,7,7,7,55307,6.42857142857143,43.4865957664452
"Z935K","Finance","Z7298V",3,3,4,6,5,5,5,77637,4.42857142857143,49.5437699408694
"I936K","R&D","X8066X",3,7,5,5,5,7,7,92111,6.56873496974835,55.7981514078039
"K786L","Finance","Y7685W",6,2,7,7,7,3,3,57262,5,50.7161557818014
"O873G","R&D","Y3553W",3,4,4,5,4,5,6,166830,5.44155479531018,45.370346115935
"R897O","R&D","Y3553W",4,2,6,6,5,4,4,90985,5.43435748022093,41.4478308151474
"V844B","R&D","X3607X",4,6,5,4,6,7,7,47801,5.0694236871426,40.6264265274408
"C618S","Ethics","X8022Z",7,4,7,7,7,6,5,49629,5.71338677971347,40.758354398021
"Y551L","Finance","Z7298V",3,7,5,5,5,7,7,67685,6.16467179769742,39.5539582524763
"N601L","Ethics","X8022Z",2,3,4,3,4,4,4,126139,4.4989575143421,45.5404375235815
"H171P","R&D","Z2464Y",2,3,3,3,4,4,5,115859,4.25643746123326,48.1283861760501
"R245S","R&D","V4497X",3,5,4,4,4,7,6,104067,5.59102116694417,43.5483597061355
"A383I","R&D","Y3553W",4,3,5,5,5,4,5,49620,3.93082903628773,41.8233583812232
"Y859P","Health","Z4101Z",2,4,4,4,3,5,7,123967,5.03628772358488,48.8917880856961
"Q654J","R&D","X8066X",7,1,7,7,7,3,2,78466,4.85714285714286,40.6777695531428
"D669L","Finance","Y7685W",2,5,3,3,4,7,6,71779,4.77966357226898,34.302695935686
"S965N","R&D","V4497X",4,3,4,5,5,5,5,171342,5.44398986093196,51.212618365972
"X421X","Ethics","W7742X",5,5,7,6,7,7,7,47523,5.839410488743,42.4500672613898
"D254I","Finance","X7645X",7,4,7,7,7,5,6,53846,5.61194573902414,45.8069165567136
"M734P","R&D","X8066X",2,3,3,3,4,5,6,113946,4.5931979227505,44.2540674663866
"I424A","Ethics","X8022Z",5,7,7,7,7,7,7,51603,6.309627060062,40.6496617687253
"E413J","Health","Z4101Z",7,5,7,7,7,7,7,58247,6.71428571428571,47.6730902484136
"U254A","Finance","Y7685W",5,6,6,6,6,7,7,74809,6.74629248704851,35.9011502152549
"A814N","R&D","Z2464Y",1,6,3,3,1,7,7,59231,4,37.1204736725232
"G982R","R&D","Y3553W",7,7,7,7,7,7,7,141905,7,36.2716072085584
"F810S","Health","V7487V",5,1,6,7,6,2,3,47879,3.86441048531933,46.7273633673462
"G348J","R&D","Y3553W",7,3,7,7,7,5,4,118920,6.92829672013316,50.0458628037806
"I590H","Ethics","W2205Z",3,1,5,4,4,3,3,144919,4.17023491246865,40.1139423559263
"W415F","Finance","Y4468Y",4,7,5,4,5,7,7,73252,5.96615062834495,41.482413071889
"I416Q","R&D","X8066X",3,4,4,4,5,5,6,138641,5.34378426974362,48.0313211070096
"H598C","R&D","X3607X",3,4,4,4,5,6,6,148871,5.49678103618267,41.3686425006568
"A474R","Finance","Y4468Y",2,4,3,4,3,5,5,151706,4.82955605423958,43.2925357007715
"G911S","Health","W8102W",6,2,7,7,7,4,4,53702,4.62575350055645,47.8634385822188
"G990Q","R&D","V4497X",2,7,3,4,4,7,7,50533,4.40690776381058,43.1817748536249
"S916V","Finance","Y4468Y",6,5,7,7,7,6,7,52167,5.92119281843118,50.1919025367757
"H560Y","Finance","Y7685W",4,7,6,6,5,7,7,59142,6,44.6054311797216
"F937R","DSI","V8472W",7,1,7,7,7,2,3,61943.3343753601,4.85714285714286,40.8659161437525
"M787N","Finance","Z7298V",1,7,2,2,2,7,7,70397,4.58778316000647,47.2936978873579
"G747F","Health","Z4101Z",6,5,7,7,7,6,7,55055,6.42857142857143,46.369952646904
"O846O","Finance","X7645X",5,1,6,7,6,3,3,59187,4.42857142857143,42.4976210760662
"Z555O","Finance","Y9641W",2,4,3,4,3,5,5,72598,4.21633456494632,42.8225185225392
"T642U","R&D","Y3553W",4,3,5,5,6,4,5,57474,4.57142857142857,38.3181925059359
"W933X","R&D","V4497X",5,3,7,6,7,5,4,75737,5.8879597049689,43.3097590665946
"B129X","R&D","X3607X",4,3,6,5,6,4,4,45481,4.09914106939681,38.3238104413935
"C456V","R&D","Z2464Y",7,7,7,7,7,7,7,67188,7,47.9682287380812
"D258O","DSI","V8472W",6,1,7,7,7,2,2,66754.7843870698,5.0848282292983,47.3138791332824
"Q791M","R&D","X3607X",2,7,4,4,3,7,7,81186,5.77861867987039,47.1366538565764
"C830O","R&D","Y3553W",7,7,7,7,7,7,7,59170,7,48.1290271729019
"O767H","Finance","Y7685W",5,6,6,7,7,7,7,53083,6.01963942192074,50.8245386309075
"M794R","Health","Z4101Z",1,4,2,2,2,5,5,53923,2.5552454751635,49.2942425679447
"G826K","Finance","Y4468Y",4,4,5,6,6,5,5,131134,5.92655139074117,33.437738039353
"G192U","R&D","X8066X",7,4,7,7,7,6,6,73259,6.76014237457785,42.9987101712213
"M374W","R&D","X3607X",7,7,7,7,7,7,7,141676,7,49.4238147144597
"F566U","Finance","X7645X",1,7,2,2,3,7,7,52948,3.80242228523047,45.2795646336892
"H404Q","Ethics","W2205Z",4,1,5,5,5,2,3,110132,4.53137408352151,39.6248245565474
"A864B","Ethics","W2205Z",6,7,7,7,7,7,7,47627,6.48777504615486,43.1304363384057
"H591N","Finance","Y9641W",4,7,6,6,5,7,7,82565,6.99580354467235,40.4241737527549
"H632T","Health","W8102W",6,3,7,7,7,4,4,77734,5.42857142857143,41.7141742342359
"N190Y","Finance","Y7685W",2,4,3,4,4,5,6,53259,3.49976274810172,37.7415456360933
"I169K","R&D","Z2464Y",7,7,7,7,7,7,7,90988,7,45.9674217921127
"Q622N","Finance","Y4468Y",4,2,6,6,6,3,3,63943,4.28571428571429,40.6682293375633
"Z595B","Health","V7487V",5,1,6,7,6,4,3,54169,3.9865179517417,43.1143331107371
"Y389E","Health","W8102W",4,5,6,5,5,7,6,139836,6.51011099204137,42.1958940704519
"Q265T","Finance","Y7685W",5,2,6,6,6,4,4,72700,5.14632391118557,54.0134257553105
"C418V","Ethics","W2205Z",1,7,2,3,2,7,7,47378,3.56277475930823,48.7028001219528
"O673O","Health","W8102W",2,4,3,3,3,6,6,131572,4.88741040265496,37.2653581896093
"I547V","R&D","X8066X",2,4,4,3,4,5,6,49062,3.44151904449354,43.5393167382341
"E921L","R&D","X8066X",7,4,7,7,7,5,6,53970,5.6101233729388,47.2498471644705
"K356H","R&D","Y3553W",6,5,7,7,7,6,7,69746,6.94230351936406,35.1796892330482
"Z540R","Health","V7487V",2,2,3,3,4,4,3,140556,3.88779339667668,45.5478899696834
"O343O","R&D","Z2464Y",2,6,3,3,3,7,7,49721,3.85427810706168,49.2046730477994
"O433A","Health","V7487V",2,1,4,3,4,2,2,49924,2.25138396112045,39.371783510451
"C422X","R&D","Z2464Y",6,1,7,7,7,2,3,71692,5.20872814330447,43.1670087382655
"X155P","Ethics","W7742X",1,2,3,3,3,4,4,87531,3.82367203549869,51.8461617606119
"H125L","R&D","Y3553W",4,1,5,5,6,3,2,75950,4.16570549639167,50.399552577063
"F827A","R&D","V4497X",1,4,3,2,3,5,6,66550,3.97027566295315,56.0097038144829
"J945X","R&D","Y3553W",6,3,7,7,7,5,5,53572,4.98227826268899,48.1276531971647
"Y554K","R&D","V4497X",2,2,3,3,4,4,3,135034,4.01649089017305,37.8267186108954
"R435A","Finance","Y4468Y",4,1,5,5,5,3,3,51056,3.28903631705262,47.3098757878706
"X983H","Health","Z4101Z",2,4,4,3,2,5,7,113976,4.78622012719901,40.2333881528878
"H495O","Finance","X7645X",2,3,4,3,3,5,5,73070,4.14353685064201,48.8789444735464
"T138O","R&D","Y3553W",1,6,3,2,2,7,7,49647,3.5573439026811,43.6124575436421
"Y322Y","Finance","Y9641W",6,6,7,7,6,7,7,58678,6.57142857142857,43.7359815017832
"P275V","Ethics","X8022Z",7,1,7,7,7,3,2,66316,5.34336344233977,44.7839443315055
"Y454F","Health","V7487V",3,3,4,4,4,4,5,77565,3.85714285714286,33.8271120509442
"Q126D","R&D","Y3553W",4,5,6,6,4,6,7,51451,4.85311372392914,42.4768619057769
"T159D","R&D","X8066X",5,2,6,6,7,3,4,74675,5.30570468949962,41.6351934789064
"P545T","R&D","V4497X",2,7,3,4,3,7,7,98794,5.71419266574283,46.8110926710747
"N776A","Health","W8102W",2,3,3,3,3,5,5,54790,3.06825938446431,50.3245307414334
"H690Z","R&D","X8066X",1,5,2,3,3,7,7,56960,4,48.0490599872449
"Q503H","R&D","V4497X",6,1,7,7,7,3,2,48649,4.15551516694853,46.8664275101563
"I450E","Ethics","X8022Z",6,3,7,7,6,5,5,57631,5.57142857142857,41.3143236715927
"W491J","Health","Z4101Z",3,2,4,5,5,4,3,48847,3.20169095184296,42.63649614777
"S242X","R&D","V4497X",5,1,7,7,7,2,2,77964,4.42857142857143,52.7922225624674
"S533V","Ethics","X8022Z",1,2,3,3,3,4,3,144927,3.77324991792454,50.006062752652
